spec,family,rp,out,preproc,extractor,params,spec_sim,codec,task,seed,dim,F,C,epochs,sim,weight,multi,proto_bits,quant_train,val_acc,id_acc,margin_id,geom_fid,fit_s,acc_noise_0.5,acc_drop_0.2,acc_flip_0.05,mem_kb,vec_bits,ops_per_query,ext_bits,ext_ops,rp_density,rp_rank,acc_shift_6,margin_ood,acc_shift_12,acc_shift_18,nmi,ari,auroc
base_cos,linear,gaussian,bipolar,none,raw,,,,fine,0,4096,64,30,30,cosine,uniform,1,32,0,0.7233333587646484,0.7133333086967468,0.04650498926639557,0.9832824817403812,0.259,0.609333336353302,0.6159999966621399,0.7133333086967468,1504.0,1.0,389120,0,0,1.0,64.0,,,,,,,
sim_dot,linear,gaussian,bipolar,none,raw,,,,fine,0,4096,64,30,30,dot,uniform,1,32,0,0.6933333277702332,0.6759999990463257,6491.99853515625,0.9832824817403812,0.018,0.5726666450500488,0.578000009059906,0.684666633605957,1504.0,1.0,389120,0,0,1.0,64.0,,,,,,,
sim_l1,linear,gaussian,bipolar,none,raw,"{""out"": ""real""}",,,fine,0,4096,64,30,30,l1,uniform,1,32,0,0.6233333349227905,0.6386666893959045,0.00040557756437920034,0.9929773445675572,0.021,0.550000011920929,0.5333333015441895,0.6313333511352539,1504.0,32.0,389120,0,0,1.0,64.0,,,,,,,
sim_rbf,linear,gaussian,bipolar,none,raw,"{""out"": ""real""}",,,fine,0,4096,64,30,30,rbf,uniform,1,32,0,0.6291666626930237,0.6453333497047424,0.020104415714740753,0.9929773445675572,0.045,0.5559999942779541,0.5373333096504211,0.6399999856948853,1504.0,32.0,389120,0,0,1.0,64.0,,,,,,,
bin_hamming,linear,gaussian,bipolar,none,raw,"{""out"": ""binary01""}",,,fine,0,4096,64,30,30,hamming,uniform,1,32,0,0.7033333778381348,0.7020000219345093,0.9269610643386841,0.9758128217792771,0.023,0.6113333106040955,0.6079999804496765,0.659333348274231,1504.0,1.0,389120,0,0,1.0,64.0,,,,,,,
bin_cosine,linear,gaussian,bipolar,none,raw,"{""out"": ""binary01""}",,,fine,0,4096,64,30,30,cosine,uniform,1,32,0,0.7258333563804626,0.7166666388511658,0.009162056259810925,0.9758128217792771,0.017,0.6186666488647461,0.6133333444595337,0.6259999871253967,1504.0,1.0,389120,0,0,1.0,64.0,,,,,,,
weight_margin,linear,gaussian,bipolar,none,raw,,,,fine,0,4096,64,30,30,cosine,margin,1,32,0,0.7150000333786011,0.7126666307449341,0.047346942126750946,0.9832824817403812,0.018,0.6026666760444641,0.609333336353302,0.7086666822433472,1504.0,1.0,389120,0,0,1.0,64.0,,,,,,,
weight_conf,linear,gaussian,bipolar,none,raw,,,,fine,0,4096,64,30,30,cosine,confidence,1,32,0,0.7116667032241821,0.7080000042915344,0.04774375259876251,0.9832824817403812,0.024,0.6100000143051147,0.6159999966621399,0.7059999704360962,1504.0,1.0,389120,0,0,1.0,64.0,,,,,,,
multi2,linear,gaussian,bipolar,none,raw,,,,fine,0,4096,64,30,30,cosine,uniform,2,32,0,0.6516667008399963,0.6520000100135803,0.03203238919377327,0.9832824817403812,0.036,0.5646666884422302,0.5479999780654907,,1504.0,1.0,389120,0,0,1.0,64.0,,,,,,,
multi4,linear,gaussian,bipolar,none,raw,,,,fine,0,4096,64,30,30,cosine,uniform,4,32,0,0.6100000143051147,0.6006666421890259,0.021090451627969742,0.9832824817403812,0.06,0.5306666493415833,0.5086666345596313,,1504.0,1.0,389120,0,0,1.0,64.0,,,,,,,
multi8,linear,gaussian,bipolar,none,raw,,,,fine,0,4096,64,30,30,cosine,uniform,8,32,0,0.5741666555404663,0.5693333148956299,0.013104517012834549,0.9832824817403812,0.091,0.5006666779518127,0.47333332896232605,,1504.0,1.0,389120,0,0,1.0,64.0,,,,,,,
single_pass,linear,gaussian,bipolar,none,raw,,,,fine,0,4096,64,30,0,cosine,uniform,1,32,0,0.6966666579246521,0.7046666741371155,0.05349709466099739,0.9832824817403812,0.003,0.612666666507721,0.6113333106040955,0.7073333263397217,1504.0,1.0,389120,0,0,1.0,64.0,,,,,,,
proto8,linear,gaussian,bipolar,none,raw,,,,fine,0,4096,64,30,30,cosine,uniform,1,8,0,0.7241666913032532,0.7133333086967468,0.04649890214204788,0.9832824817403812,0.017,0.6100000143051147,0.6159999966621399,0.7133333086967468,1144.0,1.0,389120,0,0,1.0,64.0,,,,,,,
proto4,linear,gaussian,bipolar,none,raw,,,,fine,0,4096,64,30,30,cosine,uniform,1,4,0,0.7241666913032532,0.7059999704360962,0.04637956619262695,0.9832824817403812,0.017,0.6086666584014893,0.6153333187103271,0.7139999866485596,1084.0,1.0,389120,0,0,1.0,64.0,,,,,,,
proto2,linear,gaussian,bipolar,none,raw,,,,fine,0,4096,64,30,30,cosine,uniform,1,2,0,0.7066667079925537,0.7053333520889282,0.0431118868291378,0.9832824817403812,0.017,0.6106666326522827,0.609333336353302,0.7046666741371155,1054.0,1.0,389120,0,0,1.0,64.0,,,,,,,
proto_ternary,linear,gaussian,bipolar,none,raw,,,,fine,0,4096,64,30,30,cosine,uniform,1,2,0,0.7100000381469727,0.7066666483879089,0.042232125997543335,0.9832824817403812,0.017,0.6079999804496765,0.6113333106040955,0.7039999961853027,1054.0,1.0,389120,0,0,1.0,64.0,,,,,,,
proto_sign,linear,gaussian,bipolar,none,raw,,,,fine,0,4096,64,30,30,cosine,uniform,1,1,0,0.7233333587646484,0.6953333020210266,0.037534505128860474,0.9832824817403812,0.017,0.6006666421890259,0.6060000061988831,0.6946666836738586,1039.0,1.0,389120,0,0,1.0,64.0,,,,,,,
gauss_preproc_l2,linear,gaussian,bipolar,l2,raw,,,,fine,0,4096,64,30,30,cosine,uniform,1,32,0,0.7233333587646484,0.7133333086967468,0.04650498926639557,0.9832824817403812,0.017,0.609333336353302,0.6159999966621399,0.7133333086967468,1504.0,1.0,389120,0,0,1.0,64.0,,,,,,,
signrff_preproc_l2,rff,rff,bipolar,l2,raw,"{""bw_select"": ""val""}",,,fine,0,4096,64,30,30,cosine,uniform,1,32,0,0.7041667103767395,0.6946666836738586,0.008011090569198132,0.6881166234693237,0.064,0.593999981880188,0.5893333554267883,0.5566666722297668,1520.0,32.0,389120,0,0,,,,,,,,,
gauss_preproc_std,linear,gaussian,bipolar,std,raw,,,,fine,0,4096,64,30,30,cosine,uniform,1,32,0,0.7233333587646484,0.7133333086967468,0.04650498926639557,0.9832824817403812,0.017,0.609333336353302,0.6159999966621399,0.7133333086967468,1504.0,1.0,389120,0,0,1.0,64.0,,,,,,,
signrff_preproc_std,rff,rff,bipolar,std,raw,"{""bw_select"": ""val""}",,,fine,0,4096,64,30,30,cosine,uniform,1,32,0,0.7108333706855774,0.7006666660308838,0.007973004132509232,0.6881166234693237,0.049,0.5993333458900452,0.5886666774749756,0.5573333501815796,1520.0,32.0,389120,0,0,,,,,,,,,
gauss_preproc_whiten,linear,gaussian,bipolar,whiten,raw,,,,fine,0,4096,64,30,30,cosine,uniform,1,32,0,0.7233333587646484,0.7133333086967468,0.04650498926639557,0.9832824817403812,0.017,0.609333336353302,0.6159999966621399,0.7133333086967468,1504.0,1.0,389120,0,0,1.0,64.0,,,,,,,
signrff_preproc_whiten,rff,rff,bipolar,whiten,raw,"{""bw_select"": ""val""}",,,fine,0,4096,64,30,30,cosine,uniform,1,32,0,0.7041667103767395,0.6946666836738586,0.008011087775230408,0.6881166234693237,0.047,0.593999981880188,0.5893333554267883,0.5566666722297668,1520.0,32.0,389120,0,0,,,,,,,,,
signrff_base,rff,rff,bipolar,none,raw,"{""bw_select"": ""val""}",,,fine,0,4096,64,30,30,cosine,uniform,1,32,0,0.7041667103767395,0.6946666836738586,0.008011089637875557,0.6881166234693237,0.05,0.593999981880188,0.5893333554267883,0.5566666722297668,1520.0,32.0,389120,0,0,,,,,,,,,
base_cos,linear,gaussian,bipolar,none,raw,,,,fine,1,4096,64,30,30,cosine,uniform,1,32,0,0.7266666889190674,0.7253333330154419,0.0467531643807888,0.9826924739446199,0.017,0.6213333010673523,0.6019999980926514,0.722000002861023,1504.0,1.0,389120,0,0,1.0,64.0,,,,,,,
sim_dot,linear,gaussian,bipolar,none,raw,,,,fine,1,4096,64,30,30,dot,uniform,1,32,0,0.6875,0.6779999732971191,6392.89599609375,0.9826924739446199,0.016,0.5886666774749756,0.5606666803359985,0.6693333387374878,1504.0,1.0,389120,0,0,1.0,64.0,,,,,,,
sim_l1,linear,gaussian,bipolar,none,raw,"{""out"": ""real""}",,,fine,1,4096,64,30,30,l1,uniform,1,32,0,0.6775000095367432,0.6893333196640015,0.0005629238439723849,0.9929016683937987,0.03,0.5826666355133057,0.5766666531562805,0.6940000057220459,1504.0,32.0,389120,0,0,1.0,64.0,,,,,,,
sim_rbf,linear,gaussian,bipolar,none,raw,"{""out"": ""real""}",,,fine,1,4096,64,30,30,rbf,uniform,1,32,0,0.684166669845581,0.6933333277702332,0.027146870270371437,0.9929016683937987,0.022,0.5893333554267883,0.5826666355133057,0.6926666498184204,1504.0,32.0,389120,0,0,1.0,64.0,,,,,,,
bin_hamming,linear,gaussian,bipolar,none,raw,"{""out"": ""binary01""}",,,fine,1,4096,64,30,30,hamming,uniform,1,32,0,0.7125000357627869,0.7026666402816772,0.9341054558753967,0.9742303796592383,0.017,0.6119999885559082,0.6033333539962769,0.6439999938011169,1504.0,1.0,389120,0,0,1.0,64.0,,,,,,,
bin_cosine,linear,gaussian,bipolar,none,raw,"{""out"": ""binary01""}",,,fine,1,4096,64,30,30,cosine,uniform,1,32,0,0.7275000214576721,0.7319999933242798,0.009078972972929478,0.9742303796592383,0.017,0.6359999775886536,0.5926666855812073,0.6046666502952576,1504.0,1.0,389120,0,0,1.0,64.0,,,,,,,
weight_margin,linear,gaussian,bipolar,none,raw,,,,fine,1,4096,64,30,30,cosine,margin,1,32,0,0.7175000309944153,0.7286666631698608,0.04789337143301964,0.9826924739446199,0.018,0.625333309173584,0.6019999980926514,0.7213333249092102,1504.0,1.0,389120,0,0,1.0,64.0,,,,,,,
weight_conf,linear,gaussian,bipolar,none,raw,,,,fine,1,4096,64,30,30,cosine,confidence,1,32,0,0.7225000262260437,0.7213333249092102,0.04745529219508171,0.9826924739446199,0.023,0.625333309173584,0.6019999980926514,0.7239999771118164,1504.0,1.0,389120,0,0,1.0,64.0,,,,,,,
multi2,linear,gaussian,bipolar,none,raw,,,,fine,1,4096,64,30,30,cosine,uniform,2,32,0,0.6491667032241821,0.6466666460037231,0.03347744420170784,0.9826924739446199,0.036,0.5746666789054871,0.5600000023841858,,1504.0,1.0,389120,0,0,1.0,64.0,,,,,,,
multi4,linear,gaussian,bipolar,none,raw,,,,fine,1,4096,64,30,30,cosine,uniform,4,32,0,0.6299999952316284,0.621999979019165,0.02374660223722458,0.9826924739446199,0.055,0.5320000052452087,0.5273333191871643,,1504.0,1.0,389120,0,0,1.0,64.0,,,,,,,
multi8,linear,gaussian,bipolar,none,raw,,,,fine,1,4096,64,30,30,cosine,uniform,8,32,0,0.5858333706855774,0.5853333473205566,0.014709065668284893,0.9826924739446199,0.09,0.5066666603088379,0.5019999742507935,,1504.0,1.0,389120,0,0,1.0,64.0,,,,,,,
single_pass,linear,gaussian,bipolar,none,raw,,,,fine,1,4096,64,30,0,cosine,uniform,1,32,0,0.7075000405311584,0.7080000042915344,0.052751973271369934,0.9826924739446199,0.003,0.6240000128746033,0.6033333539962769,0.7093333005905151,1504.0,1.0,389120,0,0,1.0,64.0,,,,,,,
proto8,linear,gaussian,bipolar,none,raw,,,,fine,1,4096,64,30,30,cosine,uniform,1,8,0,0.7275000214576721,0.7260000109672546,0.04674419015645981,0.9826924739446199,0.016,0.621999979019165,0.6013333201408386,0.7233332991600037,1144.0,1.0,389120,0,0,1.0,64.0,,,,,,,
proto4,linear,gaussian,bipolar,none,raw,,,,fine,1,4096,64,30,30,cosine,uniform,1,4,0,0.7241666913032532,0.7266666293144226,0.04645214229822159,0.9826924739446199,0.017,0.6200000047683716,0.6033333539962769,0.7206666469573975,1084.0,1.0,389120,0,0,1.0,64.0,,,,,,,
proto2,linear,gaussian,bipolar,none,raw,,,,fine,1,4096,64,30,30,cosine,uniform,1,2,0,0.7225000262260437,0.7266666293144226,0.04237813130021095,0.9826924739446199,0.017,0.6240000128746033,0.6039999723434448,0.7133333086967468,1054.0,1.0,389120,0,0,1.0,64.0,,,,,,,
proto_ternary,linear,gaussian,bipolar,none,raw,,,,fine,1,4096,64,30,30,cosine,uniform,1,2,0,0.7200000286102295,0.7226666808128357,0.04244470223784447,0.9826924739446199,0.017,0.6340000033378601,0.6026666760444641,0.7106666564941406,1054.0,1.0,389120,0,0,1.0,64.0,,,,,,,
proto_sign,linear,gaussian,bipolar,none,raw,,,,fine,1,4096,64,30,30,cosine,uniform,1,1,0,0.705833375453949,0.7093333005905151,0.0378427729010582,0.9826924739446199,0.017,0.6073333024978638,0.5960000157356262,0.7073333263397217,1039.0,1.0,389120,0,0,1.0,64.0,,,,,,,
gauss_preproc_l2,linear,gaussian,bipolar,l2,raw,,,,fine,1,4096,64,30,30,cosine,uniform,1,32,0,0.7266666889190674,0.7253333330154419,0.0467531643807888,0.9826924739446199,0.016,0.6213333010673523,0.6019999980926514,0.722000002861023,1504.0,1.0,389120,0,0,1.0,64.0,,,,,,,
signrff_preproc_l2,rff,rff,bipolar,l2,raw,"{""bw_select"": ""val""}",,,fine,1,4096,64,30,30,cosine,uniform,1,32,0,0.7175000309944153,0.7139999866485596,0.008040783926844597,0.6815425284052163,0.04,0.6200000047683716,0.5920000076293945,0.5433333516120911,1520.0,32.0,389120,0,0,,,,,,,,,
gauss_preproc_std,linear,gaussian,bipolar,std,raw,,,,fine,1,4096,64,30,30,cosine,uniform,1,32,0,0.7266666889190674,0.7253333330154419,0.0467531643807888,0.9826924739446199,0.017,0.6213333010673523,0.6019999980926514,0.722000002861023,1504.0,1.0,389120,0,0,1.0,64.0,,,,,,,
signrff_preproc_std,rff,rff,bipolar,std,raw,"{""bw_select"": ""val""}",,,fine,1,4096,64,30,30,cosine,uniform,1,32,0,0.7175000309944153,0.7139999866485596,0.008040782995522022,0.6815425284052163,0.039,0.6200000047683716,0.5920000076293945,0.5433333516120911,1520.0,32.0,389120,0,0,,,,,,,,,
gauss_preproc_whiten,linear,gaussian,bipolar,whiten,raw,,,,fine,1,4096,64,30,30,cosine,uniform,1,32,0,0.7266666889190674,0.7253333330154419,0.0467531643807888,0.9826924739446199,0.017,0.6213333010673523,0.6019999980926514,0.722000002861023,1504.0,1.0,389120,0,0,1.0,64.0,,,,,,,
signrff_preproc_whiten,rff,rff,bipolar,whiten,raw,"{""bw_select"": ""val""}",,,fine,1,4096,64,30,30,cosine,uniform,1,32,0,0.7175000309944153,0.7139999866485596,0.008040782995522022,0.6815425284052163,0.039,0.6200000047683716,0.5920000076293945,0.5433333516120911,1520.0,32.0,389120,0,0,,,,,,,,,
signrff_base,rff,rff,bipolar,none,raw,"{""bw_select"": ""val""}",,,fine,1,4096,64,30,30,cosine,uniform,1,32,0,0.7175000309944153,0.7139999866485596,0.008040781132876873,0.6815425284052163,0.039,0.6200000047683716,0.5920000076293945,0.5433333516120911,1520.0,32.0,389120,0,0,,,,,,,,,
base_cos,linear,gaussian,bipolar,none,raw,,,,fine,2,4096,64,30,30,cosine,uniform,1,32,0,0.7125000357627869,0.7273333072662354,0.048547547310590744,0.9827869294110249,0.018,0.6319999694824219,0.6226666569709778,0.722000002861023,1504.0,1.0,389120,0,0,1.0,64.0,,,,,,,
sim_dot,linear,gaussian,bipolar,none,raw,,,,fine,2,4096,64,30,30,dot,uniform,1,32,0,0.6958333253860474,0.7026666402816772,7076.2197265625,0.9827869294110249,0.02,0.609333336353302,0.6066666841506958,0.70333331823349,1504.0,1.0,389120,0,0,1.0,64.0,,,,,,,
sim_l1,linear,gaussian,bipolar,none,raw,"{""out"": ""real""}",,,fine,2,4096,64,30,30,l1,uniform,1,32,0,0.6583333611488342,0.6853333115577698,0.0005309185944497585,0.9929932074500337,0.024,0.5839999914169312,0.5926666855812073,0.6859999895095825,1504.0,32.0,389120,0,0,1.0,64.0,,,,,,,
sim_rbf,linear,gaussian,bipolar,none,raw,"{""out"": ""real""}",,,fine,2,4096,64,30,30,rbf,uniform,1,32,0,0.6566666960716248,0.6886666417121887,0.025766417384147644,0.9929932074500337,0.022,0.5859999656677246,0.5886666774749756,0.6866666674613953,1504.0,32.0,389120,0,0,1.0,64.0,,,,,,,
bin_hamming,linear,gaussian,bipolar,none,raw,"{""out"": ""binary01""}",,,fine,2,4096,64,30,30,hamming,uniform,1,32,0,0.7066667079925537,0.6953333020210266,0.939927875995636,0.9732561592013282,0.019,0.6246666312217712,0.5993333458900452,0.6399999856948853,1504.0,1.0,389120,0,0,1.0,64.0,,,,,,,
bin_cosine,linear,gaussian,bipolar,none,raw,"{""out"": ""binary01""}",,,fine,2,4096,64,30,30,cosine,uniform,1,32,0,0.7275000214576721,0.7273333072662354,0.009381981566548347,0.9732561592013282,0.017,0.640666663646698,0.6293333172798157,0.6446666717529297,1504.0,1.0,389120,0,0,1.0,64.0,,,,,,,
weight_margin,linear,gaussian,bipolar,none,raw,,,,fine,2,4096,64,30,30,cosine,margin,1,32,0,0.7108333706855774,0.7273333072662354,0.048928771167993546,0.9827869294110249,0.019,0.621999979019165,0.6246666312217712,0.7206666469573975,1504.0,1.0,389120,0,0,1.0,64.0,,,,,,,
weight_conf,linear,gaussian,bipolar,none,raw,,,,fine,2,4096,64,30,30,cosine,confidence,1,32,0,0.7150000333786011,0.7293333411216736,0.04975862428545952,0.9827869294110249,0.024,0.6286666393280029,0.6259999871253967,0.7279999852180481,1504.0,1.0,389120,0,0,1.0,64.0,,,,,,,
multi2,linear,gaussian,bipolar,none,raw,,,,fine,2,4096,64,30,30,cosine,uniform,2,32,0,0.6324999928474426,0.6579999923706055,0.03662850335240364,0.9827869294110249,0.036,0.5746666789054871,0.5799999833106995,,1504.0,1.0,389120,0,0,1.0,64.0,,,,,,,
multi4,linear,gaussian,bipolar,none,raw,,,,fine,2,4096,64,30,30,cosine,uniform,4,32,0,0.6075000166893005,0.6259999871253967,0.02318434603512287,0.9827869294110249,0.052,0.5453333258628845,0.5339999794960022,,1504.0,1.0,389120,0,0,1.0,64.0,,,,,,,
multi8,linear,gaussian,bipolar,none,raw,,,,fine,2,4096,64,30,30,cosine,uniform,8,32,0,0.5608333349227905,0.5893333554267883,0.014038044027984142,0.9827869294110249,0.086,0.4919999837875366,0.4973333179950714,,1504.0,1.0,389120,0,0,1.0,64.0,,,,,,,
single_pass,linear,gaussian,bipolar,none,raw,,,,fine,2,4096,64,30,0,cosine,uniform,1,32,0,0.7158333659172058,0.7126666307449341,0.05487886443734169,0.9827869294110249,0.003,0.6299999952316284,0.6153333187103271,0.7120000123977661,1504.0,1.0,389120,0,0,1.0,64.0,,,,,,,
proto8,linear,gaussian,bipolar,none,raw,,,,fine,2,4096,64,30,30,cosine,uniform,1,8,0,0.7125000357627869,0.7266666293144226,0.048545658588409424,0.9827869294110249,0.017,0.6319999694824219,0.6226666569709778,0.722000002861023,1144.0,1.0,389120,0,0,1.0,64.0,,,,,,,
proto4,linear,gaussian,bipolar,none,raw,,,,fine,2,4096,64,30,30,cosine,uniform,1,4,0,0.7116667032241821,0.7266666293144226,0.048206914216279984,0.9827869294110249,0.017,0.6346666812896729,0.621999979019165,0.7199999690055847,1084.0,1.0,389120,0,0,1.0,64.0,,,,,,,
proto2,linear,gaussian,bipolar,none,raw,,,,fine,2,4096,64,30,30,cosine,uniform,1,2,0,0.7125000357627869,0.7226666808128357,0.04471920058131218,0.9827869294110249,0.017,0.625333309173584,0.6226666569709778,0.7146666646003723,1054.0,1.0,389120,0,0,1.0,64.0,,,,,,,
proto_ternary,linear,gaussian,bipolar,none,raw,,,,fine,2,4096,64,30,30,cosine,uniform,1,2,0,0.7158333659172058,0.7226666808128357,0.04417293146252632,0.9827869294110249,0.017,0.628000020980835,0.6200000047683716,0.7193333506584167,1054.0,1.0,389120,0,0,1.0,64.0,,,,,,,
proto_sign,linear,gaussian,bipolar,none,raw,,,,fine,2,4096,64,30,30,cosine,uniform,1,1,0,0.7008333206176758,0.7233332991600037,0.039925456047058105,0.9827869294110249,0.017,0.6186666488647461,0.621999979019165,0.7173333168029785,1039.0,1.0,389120,0,0,1.0,64.0,,,,,,,
gauss_preproc_l2,linear,gaussian,bipolar,l2,raw,,,,fine,2,4096,64,30,30,cosine,uniform,1,32,0,0.7125000357627869,0.7273333072662354,0.048547547310590744,0.9827869294110249,0.017,0.6319999694824219,0.6226666569709778,0.722000002861023,1504.0,1.0,389120,0,0,1.0,64.0,,,,,,,
signrff_preproc_l2,rff,rff,bipolar,l2,raw,"{""bw_select"": ""val""}",,,fine,2,4096,64,30,30,cosine,uniform,1,32,0,0.6991666555404663,0.7080000042915344,0.008352420292794704,0.6594230673357097,0.047,0.6173333525657654,0.6133333444595337,0.6146666407585144,1520.0,32.0,389120,0,0,,,,,,,,,
gauss_preproc_std,linear,gaussian,bipolar,std,raw,,,,fine,2,4096,64,30,30,cosine,uniform,1,32,0,0.7125000357627869,0.7273333072662354,0.048547547310590744,0.9827869294110249,0.017,0.6319999694824219,0.6226666569709778,0.722000002861023,1504.0,1.0,389120,0,0,1.0,64.0,,,,,,,
signrff_preproc_std,rff,rff,bipolar,std,raw,"{""bw_select"": ""val""}",,,fine,2,4096,64,30,30,cosine,uniform,1,32,0,0.6991666555404663,0.7080000042915344,0.00835241936147213,0.6594230673357097,0.048,0.6173333525657654,0.6133333444595337,0.6146666407585144,1520.0,32.0,389120,0,0,,,,,,,,,
gauss_preproc_whiten,linear,gaussian,bipolar,whiten,raw,,,,fine,2,4096,64,30,30,cosine,uniform,1,32,0,0.7125000357627869,0.7273333072662354,0.048547547310590744,0.9827869294110249,0.017,0.6319999694824219,0.6226666569709778,0.722000002861023,1504.0,1.0,389120,0,0,1.0,64.0,,,,,,,
signrff_preproc_whiten,rff,rff,bipolar,whiten,raw,"{""bw_select"": ""val""}",,,fine,2,4096,64,30,30,cosine,uniform,1,32,0,0.6991666555404663,0.7080000042915344,0.008352420292794704,0.6594230673357097,0.048,0.6173333525657654,0.6133333444595337,0.6146666407585144,1520.0,32.0,389120,0,0,,,,,,,,,
signrff_base,rff,rff,bipolar,none,raw,"{""bw_select"": ""val""}",,,fine,2,4096,64,30,30,cosine,uniform,1,32,0,0.6991666555404663,0.7080000042915344,0.00835241936147213,0.6594230673357097,0.048,0.6173333525657654,0.6133333444595337,0.6146666407585144,1520.0,32.0,389120,0,0,,,,,,,,,
base_cos,linear,gaussian,bipolar,none,raw,,,,heavy_tail,0,4096,64,30,30,cosine,uniform,1,32,0,0.9491667151451111,0.949999988079071,0.18894673883914948,0.9787859686617021,0.017,0.934666633605957,0.9139999747276306,0.949999988079071,1504.0,1.0,389120,0,0,1.0,64.0,,,,,,,
sim_dot,linear,gaussian,bipolar,none,raw,,,,heavy_tail,0,4096,64,30,30,dot,uniform,1,32,0,0.9450000524520874,0.9446666836738586,46672.36328125,0.9787859686617021,0.017,0.9286666512489319,0.9099999666213989,0.9440000057220459,1504.0,1.0,389120,0,0,1.0,64.0,,,,,,,
sim_l1,linear,gaussian,bipolar,none,raw,"{""out"": ""real""}",,,heavy_tail,0,4096,64,30,30,l1,uniform,1,32,0,0.9475000500679016,0.9413332939147949,0.002522967057302594,0.9909166424265999,0.017,0.9246666431427002,0.903333306312561,0.9399999976158142,1504.0,32.0,389120,0,0,1.0,64.0,,,,,,,
sim_rbf,linear,gaussian,bipolar,none,raw,"{""out"": ""real""}",,,heavy_tail,0,4096,64,30,30,rbf,uniform,1,32,0,0.9483333826065063,0.9413332939147949,0.12167224287986755,0.9909166424265999,0.019,0.9253333210945129,0.903333306312561,0.940666675567627,1504.0,32.0,389120,0,0,1.0,64.0,,,,,,,
bin_hamming,linear,gaussian,bipolar,none,raw,"{""out"": ""binary01""}",,,heavy_tail,0,4096,64,30,30,hamming,uniform,1,32,0,0.9424999952316284,0.937999963760376,5.693553924560547,0.9700281567562792,0.016,0.9233333468437195,0.9006666541099548,0.9300000071525574,1504.0,1.0,389120,0,0,1.0,64.0,,,,,,,
bin_cosine,linear,gaussian,bipolar,none,raw,"{""out"": ""binary01""}",,,heavy_tail,0,4096,64,30,30,cosine,uniform,1,32,0,0.9508333802223206,0.95333331823349,0.049795933067798615,0.9700281567562792,0.016,0.9399999976158142,0.9146666526794434,0.9366666674613953,1504.0,1.0,389120,0,0,1.0,64.0,,,,,,,
weight_margin,linear,gaussian,bipolar,none,raw,,,,heavy_tail,0,4096,64,30,30,cosine,margin,1,32,0,0.9466667175292969,0.9459999799728394,0.18868093192577362,0.9787859686617021,0.018,0.9300000071525574,0.9139999747276306,0.9459999799728394,1504.0,1.0,389120,0,0,1.0,64.0,,,,,,,
weight_conf,linear,gaussian,bipolar,none,raw,,,,heavy_tail,0,4096,64,30,30,cosine,confidence,1,32,0,0.9475000500679016,0.9486666321754456,0.18954035639762878,0.9787859686617021,0.017,0.937999963760376,0.9166666865348816,0.9493333101272583,1504.0,1.0,389120,0,0,1.0,64.0,,,,,,,
multi2,linear,gaussian,bipolar,none,raw,,,,heavy_tail,0,4096,64,30,30,cosine,uniform,2,32,0,0.934166669845581,0.9413332939147949,0.17644774913787842,0.9787859686617021,0.035,0.921999990940094,0.8779999613761902,,1504.0,1.0,389120,0,0,1.0,64.0,,,,,,,
multi4,linear,gaussian,bipolar,none,raw,,,,heavy_tail,0,4096,64,30,30,cosine,uniform,4,32,0,0.9041666984558105,0.8939999938011169,0.1499699503183365,0.9787859686617021,0.052,0.8779999613761902,0.8379999995231628,,1504.0,1.0,389120,0,0,1.0,64.0,,,,,,,
multi8,linear,gaussian,bipolar,none,raw,,,,heavy_tail,0,4096,64,30,30,cosine,uniform,8,32,0,0.8233333826065063,0.8399999737739563,0.11771616339683533,0.9787859686617021,0.086,0.8259999752044678,0.7613333463668823,,1504.0,1.0,389120,0,0,1.0,64.0,,,,,,,
single_pass,linear,gaussian,bipolar,none,raw,,,,heavy_tail,0,4096,64,30,0,cosine,uniform,1,32,0,0.9441666603088379,0.9519999623298645,0.1947842389345169,0.9787859686617021,0.003,0.934666633605957,0.9026666283607483,0.949999988079071,1504.0,1.0,389120,0,0,1.0,64.0,,,,,,,
proto8,linear,gaussian,bipolar,none,raw,,,,heavy_tail,0,4096,64,30,30,cosine,uniform,1,8,0,0.9491667151451111,0.949999988079071,0.1889437884092331,0.9787859686617021,0.017,0.9340000152587891,0.9139999747276306,0.949999988079071,1144.0,1.0,389120,0,0,1.0,64.0,,,,,,,
proto4,linear,gaussian,bipolar,none,raw,,,,heavy_tail,0,4096,64,30,30,cosine,uniform,1,4,0,0.9491667151451111,0.9506666660308838,0.18870261311531067,0.9787859686617021,0.017,0.9353333115577698,0.9146666526794434,0.9506666660308838,1084.0,1.0,389120,0,0,1.0,64.0,,,,,,,
proto2,linear,gaussian,bipolar,none,raw,,,,heavy_tail,0,4096,64,30,30,cosine,uniform,1,2,0,0.9491667151451111,0.9526666402816772,0.1787068247795105,0.9787859686617021,0.017,0.937333345413208,0.9126666784286499,0.9513333439826965,1054.0,1.0,389120,0,0,1.0,64.0,,,,,,,
proto_ternary,linear,gaussian,bipolar,none,raw,,,,heavy_tail,0,4096,64,30,30,cosine,uniform,1,2,0,0.9500000476837158,0.9519999623298645,0.17686890065670013,0.9787859686617021,0.017,0.9366666674613953,0.9146666526794434,0.9519999623298645,1054.0,1.0,389120,0,0,1.0,64.0,,,,,,,
proto_sign,linear,gaussian,bipolar,none,raw,,,,heavy_tail,0,4096,64,30,30,cosine,uniform,1,1,0,0.9458333849906921,0.9546666741371155,0.16336099803447723,0.9787859686617021,0.017,0.9340000152587891,0.9086666703224182,0.9513333439826965,1039.0,1.0,389120,0,0,1.0,64.0,,,,,,,
gauss_preproc_l2,linear,gaussian,bipolar,l2,raw,,,,heavy_tail,0,4096,64,30,30,cosine,uniform,1,32,0,0.9491667151451111,0.949999988079071,0.18894673883914948,0.9787859686617021,0.017,0.934666633605957,0.9139999747276306,0.949999988079071,1504.0,1.0,389120,0,0,1.0,64.0,,,,,,,
signrff_preproc_l2,rff,rff,bipolar,l2,raw,"{""bw_select"": ""val""}",,,heavy_tail,0,4096,64,30,30,cosine,uniform,1,32,0,0.9333333373069763,0.9419999718666077,0.08032118529081345,0.23601150680537786,0.038,0.9293333292007446,0.9013333320617676,0.9359999895095825,1520.0,32.0,389120,0,0,,,,,,,,,
gauss_preproc_std,linear,gaussian,bipolar,std,raw,,,,heavy_tail,0,4096,64,30,30,cosine,uniform,1,32,0,0.9491667151451111,0.949999988079071,0.18894673883914948,0.9787859686617021,0.017,0.934666633605957,0.9139999747276306,0.949999988079071,1504.0,1.0,389120,0,0,1.0,64.0,,,,,,,
signrff_preproc_std,rff,rff,bipolar,std,raw,"{""bw_select"": ""val""}",,,heavy_tail,0,4096,64,30,30,cosine,uniform,1,32,0,0.9333333373069763,0.9419999718666077,0.08032118529081345,0.23601150680537786,0.037,0.9293333292007446,0.9013333320617676,0.9359999895095825,1520.0,32.0,389120,0,0,,,,,,,,,
gauss_preproc_whiten,linear,gaussian,bipolar,whiten,raw,,,,heavy_tail,0,4096,64,30,30,cosine,uniform,1,32,0,0.9491667151451111,0.949999988079071,0.18894673883914948,0.9787859686617021,0.017,0.934666633605957,0.9139999747276306,0.949999988079071,1504.0,1.0,389120,0,0,1.0,64.0,,,,,,,
signrff_preproc_whiten,rff,rff,bipolar,whiten,raw,"{""bw_select"": ""val""}",,,heavy_tail,0,4096,64,30,30,cosine,uniform,1,32,0,0.9333333373069763,0.9419999718666077,0.08032118529081345,0.23601150680537786,0.037,0.9293333292007446,0.9013333320617676,0.9359999895095825,1520.0,32.0,389120,0,0,,,,,,,,,
signrff_base,rff,rff,bipolar,none,raw,"{""bw_select"": ""val""}",,,heavy_tail,0,4096,64,30,30,cosine,uniform,1,32,0,0.9333333373069763,0.9419999718666077,0.08032117784023285,0.23601150680537786,0.037,0.9293333292007446,0.9013333320617676,0.9359999895095825,1520.0,32.0,389120,0,0,,,,,,,,,
base_cos,linear,gaussian,bipolar,none,raw,,,,heavy_tail,1,4096,64,30,30,cosine,uniform,1,32,0,0.9491667151451111,0.9526666402816772,0.19288451969623566,0.9787654116563916,0.017,0.9440000057220459,0.9206666350364685,0.9513333439826965,1504.0,1.0,389120,0,0,1.0,64.0,,,,,,,
sim_dot,linear,gaussian,bipolar,none,raw,,,,heavy_tail,1,4096,64,30,30,dot,uniform,1,32,0,0.940833330154419,0.9480000138282776,48463.37890625,0.9787654116563916,0.017,0.937999963760376,0.9213333129882812,0.9480000138282776,1504.0,1.0,389120,0,0,1.0,64.0,,,,,,,
sim_l1,linear,gaussian,bipolar,none,raw,"{""out"": ""real""}",,,heavy_tail,1,4096,64,30,30,l1,uniform,1,32,0,0.9399999976158142,0.9480000138282776,0.0025832836981862783,0.991399949531948,0.017,0.937999963760376,0.9160000085830688,0.9473333358764648,1504.0,32.0,389120,0,0,1.0,64.0,,,,,,,
sim_rbf,linear,gaussian,bipolar,none,raw,"{""out"": ""real""}",,,heavy_tail,1,4096,64,30,30,rbf,uniform,1,32,0,0.9416666626930237,0.9486666321754456,0.1246195062994957,0.991399949531948,0.024,0.9386666417121887,0.9173333048820496,0.9466666579246521,1504.0,32.0,389120,0,0,1.0,64.0,,,,,,,
bin_hamming,linear,gaussian,bipolar,none,raw,"{""out"": ""binary01""}",,,heavy_tail,1,4096,64,30,30,hamming,uniform,1,32,0,0.9383333325386047,0.9393333196640015,5.9533305168151855,0.9666470271681508,0.016,0.9286666512489319,0.9133332967758179,0.934666633605957,1504.0,1.0,389120,0,0,1.0,64.0,,,,,,,
bin_cosine,linear,gaussian,bipolar,none,raw,"{""out"": ""binary01""}",,,heavy_tail,1,4096,64,30,30,cosine,uniform,1,32,0,0.9508333802223206,0.9526666402816772,0.051247093826532364,0.9666470271681508,0.016,0.9440000057220459,0.9266666769981384,0.9340000152587891,1504.0,1.0,389120,0,0,1.0,64.0,,,,,,,
weight_margin,linear,gaussian,bipolar,none,raw,,,,heavy_tail,1,4096,64,30,30,cosine,margin,1,32,0,0.9466667175292969,0.9513333439826965,0.19322924315929413,0.9787654116563916,0.018,0.9440000057220459,0.921999990940094,0.9486666321754456,1504.0,1.0,389120,0,0,1.0,64.0,,,,,,,
weight_conf,linear,gaussian,bipolar,none,raw,,,,heavy_tail,1,4096,64,30,30,cosine,confidence,1,32,0,0.9466667175292969,0.9526666402816772,0.1934930980205536,0.9787654116563916,0.018,0.9440000057220459,0.9226666688919067,0.9519999623298645,1504.0,1.0,389120,0,0,1.0,64.0,,,,,,,
multi2,linear,gaussian,bipolar,none,raw,,,,heavy_tail,1,4096,64,30,30,cosine,uniform,2,32,0,0.9391666650772095,0.9393333196640015,0.1814170777797699,0.9787654116563916,0.036,0.9293333292007446,0.9039999842643738,,1504.0,1.0,389120,0,0,1.0,64.0,,,,,,,
multi4,linear,gaussian,bipolar,none,raw,,,,heavy_tail,1,4096,64,30,30,cosine,uniform,4,32,0,0.9158333539962769,0.90666663646698,0.15627902746200562,0.9787654116563916,0.054,0.8933333158493042,0.8546666502952576,,1504.0,1.0,389120,0,0,1.0,64.0,,,,,,,
multi8,linear,gaussian,bipolar,none,raw,,,,heavy_tail,1,4096,64,30,30,cosine,uniform,8,32,0,0.8558333516120911,0.8586666584014893,0.12323683500289917,0.9787654116563916,0.087,0.8420000076293945,0.7806666493415833,,1504.0,1.0,389120,0,0,1.0,64.0,,,,,,,
single_pass,linear,gaussian,bipolar,none,raw,,,,heavy_tail,1,4096,64,30,0,cosine,uniform,1,32,0,0.9516667127609253,0.9506666660308838,0.19735217094421387,0.9787654116563916,0.003,0.9386666417121887,0.9206666350364685,0.9506666660308838,1504.0,1.0,389120,0,0,1.0,64.0,,,,,,,
proto8,linear,gaussian,bipolar,none,raw,,,,heavy_tail,1,4096,64,30,30,cosine,uniform,1,8,0,0.9491667151451111,0.9526666402816772,0.19288033246994019,0.9787654116563916,0.017,0.9440000057220459,0.9206666350364685,0.9513333439826965,1144.0,1.0,389120,0,0,1.0,64.0,,,,,,,
proto4,linear,gaussian,bipolar,none,raw,,,,heavy_tail,1,4096,64,30,30,cosine,uniform,1,4,0,0.9491667151451111,0.9519999623298645,0.19228406250476837,0.9787654116563916,0.017,0.9440000057220459,0.921999990940094,0.9526666402816772,1084.0,1.0,389120,0,0,1.0,64.0,,,,,,,
proto2,linear,gaussian,bipolar,none,raw,,,,heavy_tail,1,4096,64,30,30,cosine,uniform,1,2,0,0.9508333802223206,0.9506666660308838,0.18235045671463013,0.9787654116563916,0.017,0.9399999976158142,0.9246666431427002,0.9519999623298645,1054.0,1.0,389120,0,0,1.0,64.0,,,,,,,
proto_ternary,linear,gaussian,bipolar,none,raw,,,,heavy_tail,1,4096,64,30,30,cosine,uniform,1,2,0,0.9491667151451111,0.949999988079071,0.1804962158203125,0.9787654116563916,0.017,0.9433333277702332,0.9233333468437195,0.9486666321754456,1054.0,1.0,389120,0,0,1.0,64.0,,,,,,,
proto_sign,linear,gaussian,bipolar,none,raw,,,,heavy_tail,1,4096,64,30,30,cosine,uniform,1,1,0,0.9450000524520874,0.9519999623298645,0.16600748896598816,0.9787654116563916,0.017,0.9386666417121887,0.918666660785675,0.949999988079071,1039.0,1.0,389120,0,0,1.0,64.0,,,,,,,
gauss_preproc_l2,linear,gaussian,bipolar,l2,raw,,,,heavy_tail,1,4096,64,30,30,cosine,uniform,1,32,0,0.9491667151451111,0.9526666402816772,0.19288451969623566,0.9787654116563916,0.017,0.9440000057220459,0.9206666350364685,0.9513333439826965,1504.0,1.0,389120,0,0,1.0,64.0,,,,,,,
signrff_preproc_l2,rff,rff,bipolar,l2,raw,"{""bw_select"": ""val""}",,,heavy_tail,1,4096,64,30,30,cosine,uniform,1,32,0,0.9350000023841858,0.9273332953453064,0.08119246363639832,0.24381407612502737,0.041,0.9146666526794434,0.90666663646698,0.921999990940094,1520.0,32.0,389120,0,0,,,,,,,,,
gauss_preproc_std,linear,gaussian,bipolar,std,raw,,,,heavy_tail,1,4096,64,30,30,cosine,uniform,1,32,0,0.9491667151451111,0.9526666402816772,0.19288451969623566,0.9787654116563916,0.017,0.9440000057220459,0.9206666350364685,0.9513333439826965,1504.0,1.0,389120,0,0,1.0,64.0,,,,,,,
signrff_preproc_std,rff,rff,bipolar,std,raw,"{""bw_select"": ""val""}",,,heavy_tail,1,4096,64,30,30,cosine,uniform,1,32,0,0.9350000023841858,0.9273332953453064,0.08119246363639832,0.24381407612502737,0.04,0.9146666526794434,0.90666663646698,0.921999990940094,1520.0,32.0,389120,0,0,,,,,,,,,
gauss_preproc_whiten,linear,gaussian,bipolar,whiten,raw,,,,heavy_tail,1,4096,64,30,30,cosine,uniform,1,32,0,0.9491667151451111,0.9526666402816772,0.19288451969623566,0.9787654116563916,0.017,0.9440000057220459,0.9206666350364685,0.9513333439826965,1504.0,1.0,389120,0,0,1.0,64.0,,,,,,,
signrff_preproc_whiten,rff,rff,bipolar,whiten,raw,"{""bw_select"": ""val""}",,,heavy_tail,1,4096,64,30,30,cosine,uniform,1,32,0,0.9350000023841858,0.9273332953453064,0.08119247108697891,0.24381407612502737,0.04,0.9146666526794434,0.90666663646698,0.921999990940094,1520.0,32.0,389120,0,0,,,,,,,,,
signrff_base,rff,rff,bipolar,none,raw,"{""bw_select"": ""val""}",,,heavy_tail,1,4096,64,30,30,cosine,uniform,1,32,0,0.9350000023841858,0.9273332953453064,0.08119247108697891,0.24381407612502737,0.041,0.9146666526794434,0.90666663646698,0.921999990940094,1520.0,32.0,389120,0,0,,,,,,,,,
base_cos,linear,gaussian,bipolar,none,raw,,,,heavy_tail,2,4096,64,30,30,cosine,uniform,1,32,0,0.955833375453949,0.9419999718666077,0.18982340395450592,0.9777645820129753,0.016,0.9359999895095825,0.906000018119812,0.9399999976158142,1504.0,1.0,389120,0,0,1.0,64.0,,,,,,,
sim_dot,linear,gaussian,bipolar,none,raw,,,,heavy_tail,2,4096,64,30,30,dot,uniform,1,32,0,0.9483333826065063,0.9366666674613953,47390.7421875,0.9777645820129753,0.016,0.9319999814033508,0.90666663646698,0.9366666674613953,1504.0,1.0,389120,0,0,1.0,64.0,,,,,,,
sim_l1,linear,gaussian,bipolar,none,raw,"{""out"": ""real""}",,,heavy_tail,2,4096,64,30,30,l1,uniform,1,32,0,0.9424999952316284,0.937999963760376,0.0025452077388763428,0.991035422638393,0.017,0.9279999732971191,0.9013333320617676,0.9366666674613953,1504.0,32.0,389120,0,0,1.0,64.0,,,,,,,
sim_rbf,linear,gaussian,bipolar,none,raw,"{""out"": ""real""}",,,heavy_tail,2,4096,64,30,30,rbf,uniform,1,32,0,0.9441666603088379,0.9366666674613953,0.12270291894674301,0.991035422638393,0.019,0.9286666512489319,0.9020000100135803,0.937999963760376,1504.0,32.0,389120,0,0,1.0,64.0,,,,,,,
bin_hamming,linear,gaussian,bipolar,none,raw,"{""out"": ""binary01""}",,,heavy_tail,2,4096,64,30,30,hamming,uniform,1,32,0,0.9450000524520874,0.9353333115577698,5.805349349975586,0.9680137582331683,0.016,0.9273332953453064,0.8993332982063293,0.921999990940094,1504.0,1.0,389120,0,0,1.0,64.0,,,,,,,
bin_cosine,linear,gaussian,bipolar,none,raw,"{""out"": ""binary01""}",,,heavy_tail,2,4096,64,30,30,cosine,uniform,1,32,0,0.9583333730697632,0.940666675567627,0.0501386933028698,0.9680137582331683,0.016,0.934666633605957,0.9099999666213989,0.9279999732971191,1504.0,1.0,389120,0,0,1.0,64.0,,,,,,,
weight_margin,linear,gaussian,bipolar,none,raw,,,,heavy_tail,2,4096,64,30,30,cosine,margin,1,32,0,0.9483333826065063,0.9386666417121887,0.19025088846683502,0.9777645820129753,0.017,0.9313333034515381,0.8993332982063293,0.9399999976158142,1504.0,1.0,389120,0,0,1.0,64.0,,,,,,,
weight_conf,linear,gaussian,bipolar,none,raw,,,,heavy_tail,2,4096,64,30,30,cosine,confidence,1,32,0,0.9516667127609253,0.9399999976158142,0.19028931856155396,0.9777645820129753,0.017,0.9326666593551636,0.9053333401679993,0.937999963760376,1504.0,1.0,389120,0,0,1.0,64.0,,,,,,,
multi2,linear,gaussian,bipolar,none,raw,,,,heavy_tail,2,4096,64,30,30,cosine,uniform,2,32,0,0.9266666769981384,0.9226666688919067,0.17817382514476776,0.9777645820129753,0.035,0.9239999651908875,0.8806666731834412,,1504.0,1.0,389120,0,0,1.0,64.0,,,,,,,
multi4,linear,gaussian,bipolar,none,raw,,,,heavy_tail,2,4096,64,30,30,cosine,uniform,4,32,0,0.9033333659172058,0.890666663646698,0.15337544679641724,0.9777645820129753,0.054,0.8853332996368408,0.8399999737739563,,1504.0,1.0,389120,0,0,1.0,64.0,,,,,,,
multi8,linear,gaussian,bipolar,none,raw,,,,heavy_tail,2,4096,64,30,30,cosine,uniform,8,32,0,0.8416666984558105,0.8226666450500488,0.11713704466819763,0.9777645820129753,0.087,0.8180000185966492,0.7633333206176758,,1504.0,1.0,389120,0,0,1.0,64.0,,,,,,,
single_pass,linear,gaussian,bipolar,none,raw,,,,heavy_tail,2,4096,64,30,0,cosine,uniform,1,32,0,0.9550000429153442,0.9393333196640015,0.19578678905963898,0.9777645820129753,0.003,0.9313333034515381,0.9053333401679993,0.9386666417121887,1504.0,1.0,389120,0,0,1.0,64.0,,,,,,,
proto8,linear,gaussian,bipolar,none,raw,,,,heavy_tail,2,4096,64,30,30,cosine,uniform,1,8,0,0.955833375453949,0.9419999718666077,0.18982626497745514,0.9777645820129753,0.016,0.9353333115577698,0.906000018119812,0.9399999976158142,1144.0,1.0,389120,0,0,1.0,64.0,,,,,,,
proto4,linear,gaussian,bipolar,none,raw,,,,heavy_tail,2,4096,64,30,30,cosine,uniform,1,4,0,0.955833375453949,0.9426666498184204,0.18938814103603363,0.9777645820129753,0.016,0.9359999895095825,0.90666663646698,0.9399999976158142,1084.0,1.0,389120,0,0,1.0,64.0,,,,,,,
proto2,linear,gaussian,bipolar,none,raw,,,,heavy_tail,2,4096,64,30,30,cosine,uniform,1,2,0,0.9516667127609253,0.9386666417121887,0.1798311173915863,0.9777645820129753,0.016,0.9313333034515381,0.906000018119812,0.937999963760376,1054.0,1.0,389120,0,0,1.0,64.0,,,,,,,
proto_ternary,linear,gaussian,bipolar,none,raw,,,,heavy_tail,2,4096,64,30,30,cosine,uniform,1,2,0,0.9516667127609253,0.9393333196640015,0.17793838679790497,0.9777645820129753,0.016,0.9353333115577698,0.9086666703224182,0.937999963760376,1054.0,1.0,389120,0,0,1.0,64.0,,,,,,,
proto_sign,linear,gaussian,bipolar,none,raw,,,,heavy_tail,2,4096,64,30,30,cosine,uniform,1,1,0,0.9541667103767395,0.9386666417121887,0.16431771218776703,0.9777645820129753,0.017,0.934666633605957,0.9053333401679993,0.9399999976158142,1039.0,1.0,389120,0,0,1.0,64.0,,,,,,,
gauss_preproc_l2,linear,gaussian,bipolar,l2,raw,,,,heavy_tail,2,4096,64,30,30,cosine,uniform,1,32,0,0.955833375453949,0.9419999718666077,0.18982340395450592,0.9777645820129753,0.016,0.9359999895095825,0.906000018119812,0.9399999976158142,1504.0,1.0,389120,0,0,1.0,64.0,,,,,,,
signrff_preproc_l2,rff,rff,bipolar,l2,raw,"{""bw_select"": ""val""}",,,heavy_tail,2,4096,64,30,30,cosine,uniform,1,32,0,0.9358333349227905,0.9226666688919067,0.08198225498199463,0.22820990245045955,0.038,0.9193333387374878,0.8959999680519104,0.9166666865348816,1520.0,32.0,389120,0,0,,,,,,,,,
gauss_preproc_std,linear,gaussian,bipolar,std,raw,,,,heavy_tail,2,4096,64,30,30,cosine,uniform,1,32,0,0.955833375453949,0.9419999718666077,0.18982340395450592,0.9777645820129753,0.016,0.9359999895095825,0.906000018119812,0.9399999976158142,1504.0,1.0,389120,0,0,1.0,64.0,,,,,,,
signrff_preproc_std,rff,rff,bipolar,std,raw,"{""bw_select"": ""val""}",,,heavy_tail,2,4096,64,30,30,cosine,uniform,1,32,0,0.9358333349227905,0.9226666688919067,0.08198225498199463,0.22820990245045955,0.038,0.9193333387374878,0.8959999680519104,0.9166666865348816,1520.0,32.0,389120,0,0,,,,,,,,,
gauss_preproc_whiten,linear,gaussian,bipolar,whiten,raw,,,,heavy_tail,2,4096,64,30,30,cosine,uniform,1,32,0,0.955833375453949,0.9419999718666077,0.18982340395450592,0.9777645820129753,0.016,0.9359999895095825,0.906000018119812,0.9399999976158142,1504.0,1.0,389120,0,0,1.0,64.0,,,,,,,
signrff_preproc_whiten,rff,rff,bipolar,whiten,raw,"{""bw_select"": ""val""}",,,heavy_tail,2,4096,64,30,30,cosine,uniform,1,32,0,0.9358333349227905,0.9226666688919067,0.08198225498199463,0.22820990245045955,0.037,0.9193333387374878,0.8959999680519104,0.9166666865348816,1520.0,32.0,389120,0,0,,,,,,,,,
signrff_base,rff,rff,bipolar,none,raw,"{""bw_select"": ""val""}",,,heavy_tail,2,4096,64,30,30,cosine,uniform,1,32,0,0.9358333349227905,0.9226666688919067,0.08198226243257523,0.22820990245045955,0.038,0.9193333387374878,0.8959999680519104,0.9166666865348816,1520.0,32.0,389120,0,0,,,,,,,,,
base_cos,linear,gaussian,bipolar,none,raw,,,,shift,0,4096,64,30,30,cosine,uniform,1,32,0,0.996666669845581,0.9959999918937683,0.260096937417984,0.9832167550986861,0.022,0.9866666793823242,0.9833333492279053,0.9959999918937683,1504.0,1.0,389120,0,0,1.0,64.0,0.9286666512489319,0.15376679599285126,0.6466666460037231,0.4493333399295807,,,
sim_dot,linear,gaussian,bipolar,none,raw,,,,shift,0,4096,64,30,30,dot,uniform,1,32,0,0.9950000047683716,0.9913333058357239,74952.1171875,0.9832167550986861,0.016,0.9766666293144226,0.9746666550636292,0.9913333058357239,1504.0,1.0,389120,0,0,1.0,64.0,0.9133332967758179,43983.77734375,0.6326666474342346,0.4466666579246521,,,
sim_l1,linear,gaussian,bipolar,none,raw,"{""out"": ""real""}",,,shift,0,4096,64,30,30,l1,uniform,1,32,0,0.996666669845581,0.9953333139419556,0.0037325266748666763,0.992773711311865,0.016,0.9839999675750732,0.9839999675750732,0.9959999918937683,1504.0,32.0,389120,0,0,1.0,64.0,0.9286666512489319,0.002138595562428236,0.6486666798591614,0.4646666646003723,,,
sim_rbf,linear,gaussian,bipolar,none,raw,"{""out"": ""real""}",,,shift,0,4096,64,30,30,rbf,uniform,1,32,0,0.9975000023841858,0.9959999918937683,0.1803068071603775,0.992773711311865,0.018,0.9853333234786987,0.984666645526886,0.9959999918937683,1504.0,32.0,389120,0,0,1.0,64.0,0.9273332953453064,0.10346506536006927,0.653333306312561,0.4699999988079071,,,
bin_hamming,linear,gaussian,bipolar,none,raw,"{""out"": ""binary01""}",,,shift,0,4096,64,30,30,hamming,uniform,1,32,0,0.9941666722297668,0.9913333058357239,9.148489952087402,0.9760313566601759,0.016,0.9766666293144226,0.9746666550636292,0.9906666278839111,1504.0,1.0,389120,0,0,1.0,64.0,0.9126666784286499,5.361955165863037,0.6313333511352539,0.4479999840259552,,,
bin_cosine,linear,gaussian,bipolar,none,raw,"{""out"": ""binary01""}",,,shift,0,4096,64,30,30,cosine,uniform,1,32,0,0.996666669845581,0.9973333477973938,0.07723116129636765,0.9760313566601759,0.02,0.9893333315849304,0.9839999675750732,0.9959999918937683,1504.0,1.0,389120,0,0,1.0,64.0,0.9366666674613953,0.046569570899009705,0.6706666350364685,0.4659999907016754,,,
weight_margin,linear,gaussian,bipolar,none,raw,,,,shift,0,4096,64,30,30,cosine,margin,1,32,0,0.9950000047683716,0.9940000176429749,0.25839194655418396,0.9832167550986861,0.016,0.9826666712760925,0.9786666631698608,0.9953333139419556,1504.0,1.0,389120,0,0,1.0,64.0,0.9166666865348816,0.14828787744045258,0.6326666474342346,0.42533332109451294,,,
weight_conf,linear,gaussian,bipolar,none,raw,,,,shift,0,4096,64,30,30,cosine,confidence,1,32,0,0.996666669845581,0.9959999918937683,0.25983259081840515,0.9832167550986861,0.016,0.9853333234786987,0.9826666712760925,0.9953333139419556,1504.0,1.0,389120,0,0,1.0,64.0,0.9266666769981384,0.15258537232875824,0.6413333415985107,0.45133331418037415,,,
multi2,linear,gaussian,bipolar,none,raw,,,,shift,0,4096,64,30,30,cosine,uniform,2,32,0,0.996666669845581,0.9946666359901428,0.24428421258926392,0.9832167550986861,0.036,0.9873332977294922,0.9773333072662354,,1504.0,1.0,389120,0,0,1.0,64.0,0.9293333292007446,0.14435236155986786,0.6480000019073486,0.4519999921321869,,,
multi4,linear,gaussian,bipolar,none,raw,,,,shift,0,4096,64,30,30,cosine,uniform,4,32,0,0.9950000047683716,0.9940000176429749,0.2284305840730667,0.9832167550986861,0.053,0.9833333492279053,0.9760000109672546,,1504.0,1.0,389120,0,0,1.0,64.0,0.921999990940094,0.1345822811126709,0.6459999680519104,0.445333331823349,,,
multi8,linear,gaussian,bipolar,none,raw,,,,shift,0,4096,64,30,30,cosine,uniform,8,32,0,0.9958333373069763,0.9919999837875366,0.2131780982017517,0.9832167550986861,0.089,0.9819999933242798,0.9739999771118164,,1504.0,1.0,389120,0,0,1.0,64.0,0.9206666350364685,0.1264113485813141,0.6439999938011169,0.4713333249092102,,,
single_pass,linear,gaussian,bipolar,none,raw,,,,shift,0,4096,64,30,0,cosine,uniform,1,32,0,0.996666669845581,0.9953333139419556,0.2603908181190491,0.9832167550986861,0.003,0.9866666793823242,0.9833333492279053,0.9959999918937683,1504.0,1.0,389120,0,0,1.0,64.0,0.9286666512489319,0.15346601605415344,0.6433333158493042,0.4466666579246521,,,
proto8,linear,gaussian,bipolar,none,raw,,,,shift,0,4096,64,30,30,cosine,uniform,1,8,0,0.996666669845581,0.9959999918937683,0.26009640097618103,0.9832167550986861,0.015,0.9866666793823242,0.9833333492279053,0.9959999918937683,1144.0,1.0,389120,0,0,1.0,64.0,0.9286666512489319,0.15376779437065125,0.6466666460037231,0.44866666197776794,,,
proto4,linear,gaussian,bipolar,none,raw,,,,shift,0,4096,64,30,30,cosine,uniform,1,4,0,0.996666669845581,0.9959999918937683,0.2595497965812683,0.9832167550986861,0.016,0.9866666793823242,0.9826666712760925,0.9959999918937683,1084.0,1.0,389120,0,0,1.0,64.0,0.9286666512489319,0.15344266593456268,0.6486666798591614,0.45266667008399963,,,
proto2,linear,gaussian,bipolar,none,raw,,,,shift,0,4096,64,30,30,cosine,uniform,1,2,0,0.996666669845581,0.9953333139419556,0.2462230622768402,0.9832167550986861,0.016,0.9860000014305115,0.9826666712760925,0.9959999918937683,1054.0,1.0,389120,0,0,1.0,64.0,0.9279999732971191,0.14542680978775024,0.6520000100135803,0.4546666741371155,,,
proto_ternary,linear,gaussian,bipolar,none,raw,,,,shift,0,4096,64,30,30,cosine,uniform,1,2,0,0.9950000047683716,0.9959999918937683,0.24357181787490845,0.9832167550986861,0.016,0.984666645526886,0.9819999933242798,0.9959999918937683,1054.0,1.0,389120,0,0,1.0,64.0,0.9279999732971191,0.1422579288482666,0.6380000114440918,0.44200000166893005,,,
proto_sign,linear,gaussian,bipolar,none,raw,,,,shift,0,4096,64,30,30,cosine,uniform,1,1,0,0.9958333373069763,0.9946666359901428,0.22391438484191895,0.9832167550986861,0.016,0.9839999675750732,0.9826666712760925,0.9953333139419556,1039.0,1.0,389120,0,0,1.0,64.0,0.9206666350364685,0.12860547006130219,0.6340000033378601,0.43933331966400146,,,
gauss_preproc_l2,linear,gaussian,bipolar,l2,raw,,,,shift,0,4096,64,30,30,cosine,uniform,1,32,0,0.996666669845581,0.9959999918937683,0.260096937417984,0.9832167550986861,0.016,0.9866666793823242,0.9833333492279053,0.9959999918937683,1504.0,1.0,389120,0,0,1.0,64.0,0.9286666512489319,0.15376679599285126,0.6466666460037231,0.4493333399295807,,,
signrff_preproc_l2,rff,rff,bipolar,l2,raw,"{""bw_select"": ""val""}",,,shift,0,4096,64,30,30,cosine,uniform,1,32,0,0.9983333349227905,0.9959999918937683,0.14013239741325378,0.6897213786702145,0.042,0.9900000095367432,0.9819999933242798,0.996666669845581,1520.0,32.0,389120,0,0,,,0.9393333196640015,0.07486691325902939,0.6119999885559082,0.17599999904632568,,,
gauss_preproc_std,linear,gaussian,bipolar,std,raw,,,,shift,0,4096,64,30,30,cosine,uniform,1,32,0,0.996666669845581,0.9959999918937683,0.260096937417984,0.9832167550986861,0.016,0.9866666793823242,0.9833333492279053,0.9959999918937683,1504.0,1.0,389120,0,0,1.0,64.0,0.9286666512489319,0.15376679599285126,0.6466666460037231,0.4493333399295807,,,
signrff_preproc_std,rff,rff,bipolar,std,raw,"{""bw_select"": ""val""}",,,shift,0,4096,64,30,30,cosine,uniform,1,32,0,0.9983333349227905,0.9959999918937683,0.14013239741325378,0.6897213786702145,0.041,0.9900000095367432,0.9819999933242798,0.996666669845581,1520.0,32.0,389120,0,0,,,0.9393333196640015,0.07486691325902939,0.6119999885559082,0.17599999904632568,,,
gauss_preproc_whiten,linear,gaussian,bipolar,whiten,raw,,,,shift,0,4096,64,30,30,cosine,uniform,1,32,0,0.996666669845581,0.9959999918937683,0.260096937417984,0.9832167550986861,0.016,0.9866666793823242,0.9833333492279053,0.9959999918937683,1504.0,1.0,389120,0,0,1.0,64.0,0.9286666512489319,0.15376679599285126,0.6466666460037231,0.4493333399295807,,,
signrff_preproc_whiten,rff,rff,bipolar,whiten,raw,"{""bw_select"": ""val""}",,,shift,0,4096,64,30,30,cosine,uniform,1,32,0,0.9983333349227905,0.9959999918937683,0.14013239741325378,0.6897213786702145,0.045,0.9900000095367432,0.9819999933242798,0.996666669845581,1520.0,32.0,389120,0,0,,,0.9393333196640015,0.07486690580844879,0.6119999885559082,0.17599999904632568,,,
signrff_base,rff,rff,bipolar,none,raw,"{""bw_select"": ""val""}",,,shift,0,4096,64,30,30,cosine,uniform,1,32,0,0.9983333349227905,0.9959999918937683,0.14013239741325378,0.6897213786702145,0.047,0.9900000095367432,0.9819999933242798,0.996666669845581,1520.0,32.0,389120,0,0,,,0.9393333196640015,0.07486690580844879,0.6119999885559082,0.17599999904632568,,,
base_cos,linear,gaussian,bipolar,none,raw,,,,shift,1,4096,64,30,30,cosine,uniform,1,32,0,0.9991666674613953,0.996666669845581,0.2578774392604828,0.9828754963327289,0.026,0.9900000095367432,0.9793333411216736,0.9959999918937683,1504.0,1.0,389120,0,0,1.0,64.0,0.9473333358764648,0.15247175097465515,0.6613333225250244,0.30266666412353516,,,
sim_dot,linear,gaussian,bipolar,none,raw,,,,shift,1,4096,64,30,30,dot,uniform,1,32,0,0.9950000047683716,0.9946666359901428,75046.8046875,0.9828754963327289,0.015,0.9806666374206543,0.9733332991600037,0.9919999837875366,1504.0,1.0,389120,0,0,1.0,64.0,0.9319999814033508,45352.4140625,0.6813333034515381,0.3246666491031647,,,
sim_l1,linear,gaussian,bipolar,none,raw,"{""out"": ""real""}",,,shift,1,4096,64,30,30,l1,uniform,1,32,0,0.9991666674613953,0.996666669845581,0.0037219501100480556,0.9929706626142125,0.015,0.9886666536331177,0.9819999933242798,0.996666669845581,1504.0,32.0,389120,0,0,1.0,64.0,0.9440000057220459,0.002122583333402872,0.6586666703224182,0.31333333253860474,,,
sim_rbf,linear,gaussian,bipolar,none,raw,"{""out"": ""real""}",,,shift,1,4096,64,30,30,rbf,uniform,1,32,0,0.9991666674613953,0.996666669845581,0.17937316000461578,0.9929706626142125,0.017,0.9879999756813049,0.981333315372467,0.996666669845581,1504.0,32.0,389120,0,0,1.0,64.0,0.9446666836738586,0.10222430527210236,0.6646666526794434,0.3306666612625122,,,
bin_hamming,linear,gaussian,bipolar,none,raw,"{""out"": ""binary01""}",,,shift,1,4096,64,30,30,hamming,uniform,1,32,0,0.9950000047683716,0.9940000176429749,9.159635543823242,0.9740868900930959,0.015,0.9800000190734863,0.9706666469573975,0.9906666278839111,1504.0,1.0,389120,0,0,1.0,64.0,0.9319999814033508,5.567885875701904,0.6893333196640015,0.3373333215713501,,,
bin_cosine,linear,gaussian,bipolar,none,raw,"{""out"": ""binary01""}",,,shift,1,4096,64,30,30,cosine,uniform,1,32,0,0.9991666674613953,0.9973333477973938,0.07703589648008347,0.9740868900930959,0.015,0.9886666536331177,0.9800000190734863,0.996666669845581,1504.0,1.0,389120,0,0,1.0,64.0,0.9419999718666077,0.043703842908144,0.6380000114440918,0.2879999876022339,,,
weight_margin,linear,gaussian,bipolar,none,raw,,,,shift,1,4096,64,30,30,cosine,margin,1,32,0,0.9983333349227905,0.9940000176429749,0.2571178078651428,0.9828754963327289,0.016,0.9873332977294922,0.9793333411216736,0.9946666359901428,1504.0,1.0,389120,0,0,1.0,64.0,0.9386666417121887,0.14943639934062958,0.640666663646698,0.2919999957084656,,,
weight_conf,linear,gaussian,bipolar,none,raw,,,,shift,1,4096,64,30,30,cosine,confidence,1,32,0,0.9991666674613953,0.9959999918937683,0.2575574517250061,0.9828754963327289,0.016,0.9906666278839111,0.9793333411216736,0.9959999918937683,1504.0,1.0,389120,0,0,1.0,64.0,0.9446666836738586,0.15203896164894104,0.6553333401679993,0.304666668176651,,,
multi2,linear,gaussian,bipolar,none,raw,,,,shift,1,4096,64,30,30,cosine,uniform,2,32,0,0.9983333349227905,0.9926666617393494,0.2439742386341095,0.9828754963327289,0.035,0.9866666793823242,0.9793333411216736,,1504.0,1.0,389120,0,0,1.0,64.0,0.9319999814033508,0.14163783192634583,0.6513333320617676,0.30266666412353516,,,
multi4,linear,gaussian,bipolar,none,raw,,,,shift,1,4096,64,30,30,cosine,uniform,4,32,0,0.9975000023841858,0.9940000176429749,0.23058870434761047,0.9828754963327289,0.052,0.9839999675750732,0.9733332991600037,,1504.0,1.0,389120,0,0,1.0,64.0,0.9279999732971191,0.13232266902923584,0.6626666784286499,0.29133331775665283,,,
multi8,linear,gaussian,bipolar,none,raw,,,,shift,1,4096,64,30,30,cosine,uniform,8,32,0,0.9983333349227905,0.9913333058357239,0.21414121985435486,0.9828754963327289,0.087,0.9833333492279053,0.9726666808128357,,1504.0,1.0,389120,0,0,1.0,64.0,0.9206666350364685,0.12646795809268951,0.6713333129882812,0.3466666638851166,,,
single_pass,linear,gaussian,bipolar,none,raw,,,,shift,1,4096,64,30,0,cosine,uniform,1,32,0,0.9991666674613953,0.996666669845581,0.25791382789611816,0.9828754963327289,0.003,0.9900000095367432,0.9773333072662354,0.9959999918937683,1504.0,1.0,389120,0,0,1.0,64.0,0.9480000138282776,0.15311717987060547,0.6713333129882812,0.31933334469795227,,,
proto8,linear,gaussian,bipolar,none,raw,,,,shift,1,4096,64,30,30,cosine,uniform,1,8,0,0.9991666674613953,0.996666669845581,0.25787410140037537,0.9828754963327289,0.015,0.9893333315849304,0.9793333411216736,0.9959999918937683,1144.0,1.0,389120,0,0,1.0,64.0,0.9473333358764648,0.152472585439682,0.6626666784286499,0.3019999861717224,,,
proto4,linear,gaussian,bipolar,none,raw,,,,shift,1,4096,64,30,30,cosine,uniform,1,4,0,0.9991666674613953,0.996666669845581,0.2575239837169647,0.9828754963327289,0.015,0.9893333315849304,0.9786666631698608,0.9959999918937683,1084.0,1.0,389120,0,0,1.0,64.0,0.9453333020210266,0.15207932889461517,0.6613333225250244,0.304666668176651,,,
proto2,linear,gaussian,bipolar,none,raw,,,,shift,1,4096,64,30,30,cosine,uniform,1,2,0,0.9991666674613953,0.996666669845581,0.24246510863304138,0.9828754963327289,0.015,0.9873332977294922,0.9766666293144226,0.996666669845581,1054.0,1.0,389120,0,0,1.0,64.0,0.9433333277702332,0.1441589742898941,0.6739999651908875,0.3479999899864197,,,
proto_ternary,linear,gaussian,bipolar,none,raw,,,,shift,1,4096,64,30,30,cosine,uniform,1,2,0,0.9991666674613953,0.9959999918937683,0.2419208139181137,0.9828754963327289,0.015,0.9860000014305115,0.9773333072662354,0.996666669845581,1054.0,1.0,389120,0,0,1.0,64.0,0.9480000138282776,0.14377370476722717,0.6813333034515381,0.359333336353302,,,
proto_sign,linear,gaussian,bipolar,none,raw,,,,shift,1,4096,64,30,30,cosine,uniform,1,1,0,0.9983333349227905,0.9953333139419556,0.22306574881076813,0.9828754963327289,0.015,0.9886666536331177,0.9779999852180481,0.9940000176429749,1039.0,1.0,389120,0,0,1.0,64.0,0.9313333034515381,0.12606771290302277,0.6340000033378601,0.27133333683013916,,,
gauss_preproc_l2,linear,gaussian,bipolar,l2,raw,,,,shift,1,4096,64,30,30,cosine,uniform,1,32,0,0.9991666674613953,0.996666669845581,0.2578774392604828,0.9828754963327289,0.015,0.9900000095367432,0.9793333411216736,0.9959999918937683,1504.0,1.0,389120,0,0,1.0,64.0,0.9473333358764648,0.15247175097465515,0.6613333225250244,0.30266666412353516,,,
signrff_preproc_l2,rff,rff,bipolar,l2,raw,"{""bw_select"": ""val""}",,,shift,1,4096,64,30,30,cosine,uniform,1,32,0,0.9983333349227905,0.996666669845581,0.14933224022388458,0.6197166665200514,0.038,0.9886666536331177,0.9786666631698608,0.9946666359901428,1520.0,32.0,389120,0,0,,,0.8946666717529297,0.0442611388862133,0.19733333587646484,0.041333332657814026,,,
gauss_preproc_std,linear,gaussian,bipolar,std,raw,,,,shift,1,4096,64,30,30,cosine,uniform,1,32,0,0.9991666674613953,0.996666669845581,0.2578774392604828,0.9828754963327289,0.015,0.9900000095367432,0.9793333411216736,0.9959999918937683,1504.0,1.0,389120,0,0,1.0,64.0,0.9473333358764648,0.15247175097465515,0.6613333225250244,0.30266666412353516,,,
signrff_preproc_std,rff,rff,bipolar,std,raw,"{""bw_select"": ""val""}",,,shift,1,4096,64,30,30,cosine,uniform,1,32,0,0.9983333349227905,0.996666669845581,0.14933224022388458,0.6197166665200514,0.038,0.9886666536331177,0.9786666631698608,0.9946666359901428,1520.0,32.0,389120,0,0,,,0.8946666717529297,0.0442611388862133,0.19733333587646484,0.041333332657814026,,,
gauss_preproc_whiten,linear,gaussian,bipolar,whiten,raw,,,,shift,1,4096,64,30,30,cosine,uniform,1,32,0,0.9991666674613953,0.996666669845581,0.2578774392604828,0.9828754963327289,0.015,0.9900000095367432,0.9793333411216736,0.9959999918937683,1504.0,1.0,389120,0,0,1.0,64.0,0.9473333358764648,0.15247175097465515,0.6613333225250244,0.30266666412353516,,,
signrff_preproc_whiten,rff,rff,bipolar,whiten,raw,"{""bw_select"": ""val""}",,,shift,1,4096,64,30,30,cosine,uniform,1,32,0,0.9983333349227905,0.996666669845581,0.14933224022388458,0.6197166665200514,0.038,0.9886666536331177,0.9786666631698608,0.9946666359901428,1520.0,32.0,389120,0,0,,,0.8946666717529297,0.0442611388862133,0.19733333587646484,0.041333332657814026,,,
signrff_base,rff,rff,bipolar,none,raw,"{""bw_select"": ""val""}",,,shift,1,4096,64,30,30,cosine,uniform,1,32,0,0.9983333349227905,0.996666669845581,0.14933224022388458,0.6197166665200514,0.038,0.9886666536331177,0.9786666631698608,0.9946666359901428,1520.0,32.0,389120,0,0,,,0.8946666717529297,0.0442611388862133,0.19733333587646484,0.041333332657814026,,,
base_cos,linear,gaussian,bipolar,none,raw,,,,shift,2,4096,64,30,30,cosine,uniform,1,32,0,0.9975000023841858,0.9973333477973938,0.25736841559410095,0.982928383725162,0.018,0.9886666536331177,0.9913333058357239,0.9973333477973938,1504.0,1.0,389120,0,0,1.0,64.0,0.9539999961853027,0.16176192462444305,0.762666642665863,0.4886666536331177,,,
sim_dot,linear,gaussian,bipolar,none,raw,,,,shift,2,4096,64,30,30,dot,uniform,1,32,0,0.9958333373069763,0.996666669845581,74379.4375,0.982928383725162,0.019,0.9833333492279053,0.984666645526886,0.9946666359901428,1504.0,1.0,389120,0,0,1.0,64.0,0.9459999799728394,47101.79296875,0.75,0.4886666536331177,,,
sim_l1,linear,gaussian,bipolar,none,raw,"{""out"": ""real""}",,,shift,2,4096,64,30,30,l1,uniform,1,32,0,0.9983333349227905,0.9973333477973938,0.003705809125676751,0.993007906294555,0.016,0.9873332977294922,0.9926666617393494,0.996666669845581,1504.0,32.0,389120,0,0,1.0,64.0,0.9573333263397217,0.0022545407991856337,0.7666666507720947,0.5106666684150696,,,
sim_rbf,linear,gaussian,bipolar,none,raw,"{""out"": ""real""}",,,shift,2,4096,64,30,30,rbf,uniform,1,32,0,0.9983333349227905,0.9973333477973938,0.17894303798675537,0.993007906294555,0.018,0.9879999756813049,0.9906666278839111,0.9973333477973938,1504.0,32.0,389120,0,0,1.0,64.0,0.9580000042915344,0.10885617882013321,0.7693333029747009,0.5166666507720947,,,
bin_hamming,linear,gaussian,bipolar,none,raw,"{""out"": ""binary01""}",,,shift,2,4096,64,30,30,hamming,uniform,1,32,0,0.9958333373069763,0.9959999918937683,9.077642440795898,0.9739897795656637,0.015,0.9833333492279053,0.9839999675750732,0.9913333058357239,1504.0,1.0,389120,0,0,1.0,64.0,0.9453333020210266,5.747177600860596,0.7493333220481873,0.4860000014305115,,,
bin_cosine,linear,gaussian,bipolar,none,raw,"{""out"": ""binary01""}",,,shift,2,4096,64,30,30,cosine,uniform,1,32,0,0.9975000023841858,0.9973333477973938,0.07657643407583237,0.9739897795656637,0.015,0.9879999756813049,0.9900000095367432,0.9953333139419556,1504.0,1.0,389120,0,0,1.0,64.0,0.95333331823349,0.047602053731679916,0.7526666522026062,0.47333332896232605,,,
weight_margin,linear,gaussian,bipolar,none,raw,,,,shift,2,4096,64,30,30,cosine,margin,1,32,0,0.9950000047683716,0.9973333477973938,0.2573015093803406,0.982928383725162,0.016,0.9873332977294922,0.9886666536331177,0.996666669845581,1504.0,1.0,389120,0,0,1.0,64.0,0.9493333101272583,0.15829628705978394,0.7306666374206543,0.4560000002384186,,,
weight_conf,linear,gaussian,bipolar,none,raw,,,,shift,2,4096,64,30,30,cosine,confidence,1,32,0,0.9958333373069763,0.9973333477973938,0.2573665380477905,0.982928383725162,0.016,0.9879999756813049,0.9900000095367432,0.9973333477973938,1504.0,1.0,389120,0,0,1.0,64.0,0.9553333520889282,0.1612456887960434,0.7586666345596313,0.48399999737739563,,,
multi2,linear,gaussian,bipolar,none,raw,,,,shift,2,4096,64,30,30,cosine,uniform,2,32,0,0.9975000023841858,0.9959999918937683,0.2429881989955902,0.982928383725162,0.035,0.9866666793823242,0.9879999756813049,,1504.0,1.0,389120,0,0,1.0,64.0,0.9553333520889282,0.15192675590515137,0.7400000095367432,0.5053333044052124,,,
multi4,linear,gaussian,bipolar,none,raw,,,,shift,2,4096,64,30,30,cosine,uniform,4,32,0,0.9958333373069763,0.9953333139419556,0.2295820713043213,0.982928383725162,0.052,0.9839999675750732,0.9839999675750732,,1504.0,1.0,389120,0,0,1.0,64.0,0.9446666836738586,0.14138458669185638,0.7260000109672546,0.4699999988079071,,,
multi8,linear,gaussian,bipolar,none,raw,,,,shift,2,4096,64,30,30,cosine,uniform,8,32,0,0.9958333373069763,0.9959999918937683,0.21317516267299652,0.982928383725162,0.087,0.9806666374206543,0.981333315372467,,1504.0,1.0,389120,0,0,1.0,64.0,0.9399999976158142,0.12904933094978333,0.7006666660308838,0.41866666078567505,,,
single_pass,linear,gaussian,bipolar,none,raw,,,,shift,2,4096,64,30,0,cosine,uniform,1,32,0,0.9975000023841858,0.9973333477973938,0.2573370635509491,0.982928383725162,0.003,0.9886666536331177,0.9913333058357239,0.9973333477973938,1504.0,1.0,389120,0,0,1.0,64.0,0.9539999961853027,0.16133202612400055,0.7599999904632568,0.4833333194255829,,,
proto8,linear,gaussian,bipolar,none,raw,,,,shift,2,4096,64,30,30,cosine,uniform,1,8,0,0.9975000023841858,0.9973333477973938,0.2573622167110443,0.982928383725162,0.015,0.9886666536331177,0.9913333058357239,0.9973333477973938,1144.0,1.0,389120,0,0,1.0,64.0,0.9546666741371155,0.1617588847875595,0.762666642665863,0.4886666536331177,,,
proto4,linear,gaussian,bipolar,none,raw,,,,shift,2,4096,64,30,30,cosine,uniform,1,4,0,0.9975000023841858,0.9973333477973938,0.2569461762905121,0.982928383725162,0.015,0.9886666536331177,0.9913333058357239,0.9973333477973938,1084.0,1.0,389120,0,0,1.0,64.0,0.9539999961853027,0.16129422187805176,0.7599999904632568,0.48533332347869873,,,
proto2,linear,gaussian,bipolar,none,raw,,,,shift,2,4096,64,30,30,cosine,uniform,1,2,0,0.996666669845581,0.9973333477973938,0.24230366945266724,0.982928383725162,0.015,0.9873332977294922,0.9900000095367432,0.9973333477973938,1054.0,1.0,389120,0,0,1.0,64.0,0.9506666660308838,0.1511325091123581,0.7459999918937683,0.47599998116493225,,,
proto_ternary,linear,gaussian,bipolar,none,raw,,,,shift,2,4096,64,30,30,cosine,uniform,1,2,0,0.996666669845581,0.9973333477973938,0.24139449000358582,0.982928383725162,0.015,0.9879999756813049,0.9906666278839111,0.9973333477973938,1054.0,1.0,389120,0,0,1.0,64.0,0.9486666321754456,0.1499534547328949,0.7526666522026062,0.4779999852180481,,,
proto_sign,linear,gaussian,bipolar,none,raw,,,,shift,2,4096,64,30,30,cosine,uniform,1,1,0,0.996666669845581,0.9973333477973938,0.22191178798675537,0.982928383725162,0.015,0.9900000095367432,0.9893333315849304,0.9973333477973938,1039.0,1.0,389120,0,0,1.0,64.0,0.9519999623298645,0.13683724403381348,0.7519999742507935,0.4886666536331177,,,
gauss_preproc_l2,linear,gaussian,bipolar,l2,raw,,,,shift,2,4096,64,30,30,cosine,uniform,1,32,0,0.9975000023841858,0.9973333477973938,0.25736841559410095,0.982928383725162,0.015,0.9886666536331177,0.9913333058357239,0.9973333477973938,1504.0,1.0,389120,0,0,1.0,64.0,0.9539999961853027,0.16176192462444305,0.762666642665863,0.4886666536331177,,,
signrff_preproc_l2,rff,rff,bipolar,l2,raw,"{""bw_select"": ""val""}",,,shift,2,4096,64,30,30,cosine,uniform,1,32,0,0.9991666674613953,0.9946666359901428,0.1471959501504898,0.6186398573425952,0.036,0.9853333234786987,0.9819999933242798,0.9946666359901428,1520.0,32.0,389120,0,0,,,0.9246666431427002,0.049324676394462585,0.28200000524520874,0.0573333315551281,,,
gauss_preproc_std,linear,gaussian,bipolar,std,raw,,,,shift,2,4096,64,30,30,cosine,uniform,1,32,0,0.9975000023841858,0.9973333477973938,0.25736841559410095,0.982928383725162,0.015,0.9886666536331177,0.9913333058357239,0.9973333477973938,1504.0,1.0,389120,0,0,1.0,64.0,0.9539999961853027,0.16176192462444305,0.762666642665863,0.4886666536331177,,,
signrff_preproc_std,rff,rff,bipolar,std,raw,"{""bw_select"": ""val""}",,,shift,2,4096,64,30,30,cosine,uniform,1,32,0,0.9991666674613953,0.9946666359901428,0.147195965051651,0.6186398573425952,0.036,0.9853333234786987,0.9819999933242798,0.9946666359901428,1520.0,32.0,389120,0,0,,,0.9246666431427002,0.049324676394462585,0.28200000524520874,0.0573333315551281,,,
gauss_preproc_whiten,linear,gaussian,bipolar,whiten,raw,,,,shift,2,4096,64,30,30,cosine,uniform,1,32,0,0.9975000023841858,0.9973333477973938,0.25736841559410095,0.982928383725162,0.015,0.9886666536331177,0.9913333058357239,0.9973333477973938,1504.0,1.0,389120,0,0,1.0,64.0,0.9539999961853027,0.16176192462444305,0.762666642665863,0.4886666536331177,,,
signrff_preproc_whiten,rff,rff,bipolar,whiten,raw,"{""bw_select"": ""val""}",,,shift,2,4096,64,30,30,cosine,uniform,1,32,0,0.9991666674613953,0.9946666359901428,0.147195965051651,0.6186398573425952,0.036,0.9853333234786987,0.9819999933242798,0.9946666359901428,1520.0,32.0,389120,0,0,,,0.9246666431427002,0.049324676394462585,0.28200000524520874,0.0573333315551281,,,
signrff_base,rff,rff,bipolar,none,raw,"{""bw_select"": ""val""}",,,shift,2,4096,64,30,30,cosine,uniform,1,32,0,0.9991666674613953,0.9946666359901428,0.147195965051651,0.6186398573425952,0.036,0.9853333234786987,0.9819999933242798,0.9946666359901428,1520.0,32.0,389120,0,0,,,0.9246666431427002,0.049324676394462585,0.28200000524520874,0.0573333315551281,,,
base_cos,linear,gaussian,bipolar,none,raw,,,,novel,0,4096,64,14,30,cosine,uniform,1,32,0,0.9732142686843872,0.9742857217788696,0.2022702842950821,0.9841159449405527,0.008,0.9457142949104309,0.9428571462631226,0.977142870426178,1248.0,1.0,323584,0,0,1.0,64.0,,,,,0.961540912578554,0.9596284764257138,0.9845690476190476
sim_dot,linear,gaussian,bipolar,none,raw,,,,novel,0,4096,64,14,30,dot,uniform,1,32,0,0.9624999761581421,0.9728571176528931,48198.234375,0.9841159449405527,0.013,0.9442856907844543,0.9328571557998657,0.9714285731315613,1248.0,1.0,323584,0,0,1.0,64.0,,,,,0.961540912578554,0.9596284764257138,0.9816773809523809
sim_l1,linear,gaussian,bipolar,none,raw,"{""out"": ""real""}",,,novel,0,4096,64,14,30,l1,uniform,1,32,0,0.9714285731315613,0.977142870426178,0.0027815201319754124,0.9932513270354647,0.022,0.9514285326004028,0.941428542137146,0.9757142663002014,1248.0,32.0,323584,0,0,1.0,64.0,,,,,0.9531878054414866,0.9522249329496371,0.984697619047619
sim_rbf,linear,gaussian,bipolar,none,raw,"{""out"": ""real""}",,,novel,0,4096,64,14,30,rbf,uniform,1,32,0,0.9714285731315613,0.977142870426178,0.13233068585395813,0.9932513270354647,0.023,0.9485714435577393,0.9385713934898376,0.9728571176528931,1248.0,32.0,323584,0,0,1.0,64.0,,,,,0.9531878054414866,0.9522249329496371,0.9831476190476189
bin_hamming,linear,gaussian,bipolar,none,raw,"{""out"": ""binary01""}",,,novel,0,4096,64,14,30,hamming,uniform,1,32,0,0.9607142806053162,0.9685714244842529,5.903266429901123,0.9777276792452588,0.019,0.9442856907844543,0.9285714030265808,0.9628571271896362,1248.0,1.0,323584,0,0,1.0,64.0,,,,,0.961540912578554,0.9596284764257138,0.9574238095238096
bin_cosine,linear,gaussian,bipolar,none,raw,"{""out"": ""binary01""}",,,novel,0,4096,64,14,30,cosine,uniform,1,32,0,0.9767857193946838,0.9814285635948181,0.05083577707409859,0.9777276792452588,0.017,0.9514285326004028,0.949999988079071,0.9714285731315613,1248.0,1.0,323584,0,0,1.0,64.0,,,,,0.961540912578554,0.9596284764257138,0.9799785714285715
weight_margin,linear,gaussian,bipolar,none,raw,,,,novel,0,4096,64,14,30,cosine,margin,1,32,0,0.9624999761581421,0.9714285731315613,0.20026515424251556,0.9841159449405527,0.013,0.9442856907844543,0.9371428489685059,0.9728571176528931,1248.0,1.0,323584,0,0,1.0,64.0,,,,,0.961540912578554,0.9596284764257138,0.9818595238095238
weight_conf,linear,gaussian,bipolar,none,raw,,,,novel,0,4096,64,14,30,cosine,confidence,1,32,0,0.9696428775787354,0.9757142663002014,0.20227259397506714,0.9841159449405527,0.016,0.9428571462631226,0.9457142949104309,0.9728571176528931,1248.0,1.0,323584,0,0,1.0,64.0,,,,,0.961540912578554,0.9596284764257138,0.9835738095238096
multi2,linear,gaussian,bipolar,none,raw,,,,novel,0,4096,64,14,30,cosine,uniform,2,32,0,0.9660714268684387,0.9699999690055847,0.18567055463790894,0.9841159449405527,0.026,0.9357143044471741,0.9214285612106323,,1248.0,1.0,323584,0,0,1.0,64.0,,,,,0.961540912578554,0.9596284764257138,0.9783714285714287
multi4,linear,gaussian,bipolar,none,raw,,,,novel,0,4096,64,14,30,cosine,uniform,4,32,0,0.9589285850524902,0.9599999785423279,0.16867589950561523,0.9841159449405527,0.04,0.9257142543792725,0.9057142734527588,,1248.0,1.0,323584,0,0,1.0,64.0,,,,,0.961540912578554,0.9596284764257138,0.9752285714285714
multi8,linear,gaussian,bipolar,none,raw,,,,novel,0,4096,64,14,30,cosine,uniform,8,32,0,0.9660714268684387,0.9614285826683044,0.15119168162345886,0.9841159449405527,0.054,0.9228571057319641,0.8971428275108337,,1248.0,1.0,323584,0,0,1.0,64.0,,,,,0.961540912578554,0.9596284764257138,0.968995238095238
single_pass,linear,gaussian,bipolar,none,raw,,,,novel,0,4096,64,14,0,cosine,uniform,1,32,0,0.9696428775787354,0.9742857217788696,0.20319215953350067,0.9841159449405527,0.005,0.9457142949104309,0.941428542137146,0.9742857217788696,1248.0,1.0,323584,0,0,1.0,64.0,,,,,0.961540912578554,0.9596284764257138,0.9841285714285715
proto8,linear,gaussian,bipolar,none,raw,,,,novel,0,4096,64,14,30,cosine,uniform,1,8,0,0.9750000238418579,0.9742857217788696,0.20226651430130005,0.9841159449405527,0.023,0.9457142949104309,0.9428571462631226,0.977142870426178,1080.0,1.0,323584,0,0,1.0,64.0,,,,,0.961540912578554,0.9596284764257138,0.9845785714285714
proto4,linear,gaussian,bipolar,none,raw,,,,novel,0,4096,64,14,30,cosine,uniform,1,4,0,0.9732142686843872,0.9742857217788696,0.2016071230173111,0.9841159449405527,0.012,0.9457142949104309,0.9428571462631226,0.977142870426178,1052.0,1.0,323584,0,0,1.0,64.0,,,,,0.961540912578554,0.9596284764257138,0.9845547619047619
proto2,linear,gaussian,bipolar,none,raw,,,,novel,0,4096,64,14,30,cosine,uniform,1,2,0,0.9732142686843872,0.9757142663002014,0.19017024338245392,0.9841159449405527,0.019,0.9457142949104309,0.9442856907844543,0.977142870426178,1038.0,1.0,323584,0,0,1.0,64.0,,,,,0.961540912578554,0.9596284764257138,0.9840809523809524
proto_ternary,linear,gaussian,bipolar,none,raw,,,,novel,0,4096,64,14,30,cosine,uniform,1,2,0,0.9714285731315613,0.977142870426178,0.18721605837345123,0.9841159449405527,0.012,0.9528571367263794,0.9399999976158142,0.9757142663002014,1038.0,1.0,323584,0,0,1.0,64.0,,,,,0.961540912578554,0.9596284764257138,0.9836333333333332
proto_sign,linear,gaussian,bipolar,none,raw,,,,novel,0,4096,64,14,30,cosine,uniform,1,1,0,0.9696428775787354,0.9757142663002014,0.1707010269165039,0.9841159449405527,0.015,0.941428542137146,0.9342857003211975,0.977142870426178,1031.0,1.0,323584,0,0,1.0,64.0,,,,,0.961540912578554,0.9596284764257138,0.9832095238095238
gauss_preproc_l2,linear,gaussian,bipolar,l2,raw,,,,novel,0,4096,64,14,30,cosine,uniform,1,32,0,0.9732142686843872,0.9742857217788696,0.2022702842950821,0.9841159449405527,0.018,0.9457142949104309,0.9428571462631226,0.977142870426178,1248.0,1.0,323584,0,0,1.0,64.0,,,,,0.961540912578554,0.9596284764257138,0.9845690476190476
signrff_preproc_l2,rff,rff,bipolar,l2,raw,"{""bw_select"": ""val""}",,,novel,0,4096,64,14,30,cosine,uniform,1,32,0,0.9839285612106323,0.9828571081161499,0.056524645537137985,0.6902314561728515,0.033,0.9514285326004028,0.941428542137146,0.9742857217788696,1264.0,32.0,323584,0,0,,,,,,,0.9129960283178464,0.8347498754753828,0.8592095238095239
gauss_preproc_std,linear,gaussian,bipolar,std,raw,,,,novel,0,4096,64,14,30,cosine,uniform,1,32,0,0.9732142686843872,0.9742857217788696,0.2022702842950821,0.9841159449405527,0.016,0.9457142949104309,0.9428571462631226,0.977142870426178,1248.0,1.0,323584,0,0,1.0,64.0,,,,,0.961540912578554,0.9596284764257138,0.9845690476190476
signrff_preproc_std,rff,rff,bipolar,std,raw,"{""bw_select"": ""val""}",,,novel,0,4096,64,14,30,cosine,uniform,1,32,0,0.9839285612106323,0.9828571081161499,0.056524645537137985,0.6902314561728515,0.053,0.9514285326004028,0.941428542137146,0.9742857217788696,1264.0,32.0,323584,0,0,,,,,,,0.9129960283178464,0.8347498754753828,0.8592095238095239
gauss_preproc_whiten,linear,gaussian,bipolar,whiten,raw,,,,novel,0,4096,64,14,30,cosine,uniform,1,32,0,0.9732142686843872,0.9742857217788696,0.2022702842950821,0.9841159449405527,0.017,0.9457142949104309,0.9428571462631226,0.977142870426178,1248.0,1.0,323584,0,0,1.0,64.0,,,,,0.961540912578554,0.9596284764257138,0.9845690476190476
signrff_preproc_whiten,rff,rff,bipolar,whiten,raw,"{""bw_select"": ""val""}",,,novel,0,4096,64,14,30,cosine,uniform,1,32,0,0.9839285612106323,0.9828571081161499,0.056524645537137985,0.6902314561728515,0.051,0.9514285326004028,0.941428542137146,0.9742857217788696,1264.0,32.0,323584,0,0,,,,,,,0.9129960283178464,0.8347498754753828,0.8592095238095239
signrff_base,rff,rff,bipolar,none,raw,"{""bw_select"": ""val""}",,,novel,0,4096,64,14,30,cosine,uniform,1,32,0,0.9839285612106323,0.9828571081161499,0.056524645537137985,0.6902314561728515,0.036,0.9514285326004028,0.941428542137146,0.9742857217788696,1264.0,32.0,323584,0,0,,,,,,,0.9129960283178464,0.8347498754753828,0.8592095238095239
base_cos,linear,gaussian,bipolar,none,raw,,,,novel,1,4096,64,14,30,cosine,uniform,1,32,0,0.9732142686843872,0.9742857217788696,0.21035970747470856,0.9846511462451067,0.008,0.9542856812477112,0.9471428394317627,0.9785714149475098,1248.0,1.0,323584,0,0,1.0,64.0,,,,,0.9561582707271461,0.9523909655607505,0.9818023809523809
sim_dot,linear,gaussian,bipolar,none,raw,,,,novel,1,4096,64,14,30,dot,uniform,1,32,0,0.9714285731315613,0.9685714244842529,50446.9921875,0.9846511462451067,0.013,0.9457142949104309,0.9285714030265808,0.9671428203582764,1248.0,1.0,323584,0,0,1.0,64.0,,,,,0.9561582707271461,0.9523909655607505,0.977725
sim_l1,linear,gaussian,bipolar,none,raw,"{""out"": ""real""}",,,novel,1,4096,64,14,30,l1,uniform,1,32,0,0.9767857193946838,0.9757142663002014,0.0028932346031069756,0.9940309344980686,0.014,0.9585714340209961,0.9528571367263794,0.9757142663002014,1248.0,32.0,323584,0,0,1.0,64.0,,,,,0.9889197711549526,0.9887211001728866,0.9825738095238096
sim_rbf,linear,gaussian,bipolar,none,raw,"{""out"": ""real""}",,,novel,1,4096,64,14,30,rbf,uniform,1,32,0,0.9767857193946838,0.9742857217788696,0.1377965807914734,0.9940309344980686,0.018,0.9557142853736877,0.9471428394317627,0.9757142663002014,1248.0,32.0,323584,0,0,1.0,64.0,,,,,0.9889197711549526,0.9887211001728866,0.9812500000000001
bin_hamming,linear,gaussian,bipolar,none,raw,"{""out"": ""binary01""}",,,novel,1,4096,64,14,30,hamming,uniform,1,32,0,0.9714285731315613,0.9671428203582764,6.170645713806152,0.9775785339456706,0.018,0.9457142949104309,0.9285714030265808,0.9642857313156128,1248.0,1.0,323584,0,0,1.0,64.0,,,,,0.9561582707271461,0.9523909655607505,0.956742857142857
bin_cosine,linear,gaussian,bipolar,none,raw,"{""out"": ""binary01""}",,,novel,1,4096,64,14,30,cosine,uniform,1,32,0,0.9767857193946838,0.977142870426178,0.054200656712055206,0.9775785339456706,0.013,0.9571428298950195,0.9471428394317627,0.9742857217788696,1248.0,1.0,323584,0,0,1.0,64.0,,,,,0.9561582707271461,0.9523909655607505,0.9779761904761906
weight_margin,linear,gaussian,bipolar,none,raw,,,,novel,1,4096,64,14,30,cosine,margin,1,32,0,0.9714285731315613,0.9714285731315613,0.2067612260580063,0.9846511462451067,0.008,0.9399999976158142,0.9300000071525574,0.9714285731315613,1248.0,1.0,323584,0,0,1.0,64.0,,,,,0.9561582707271461,0.9523909655607505,0.9778380952380953
weight_conf,linear,gaussian,bipolar,none,raw,,,,novel,1,4096,64,14,30,cosine,confidence,1,32,0,0.9732142686843872,0.9728571176528931,0.20950129628181458,0.9846511462451067,0.013,0.9514285326004028,0.9428571462631226,0.9757142663002014,1248.0,1.0,323584,0,0,1.0,64.0,,,,,0.9561582707271461,0.9523909655607505,0.9805309523809523
multi2,linear,gaussian,bipolar,none,raw,,,,novel,1,4096,64,14,30,cosine,uniform,2,32,0,0.9642857313156128,0.9714285731315613,0.19380109012126923,0.9846511462451067,0.026,0.9371428489685059,0.9300000071525574,,1248.0,1.0,323584,0,0,1.0,64.0,,,,,0.9561582707271461,0.9523909655607505,0.9809238095238095
multi4,linear,gaussian,bipolar,none,raw,,,,novel,1,4096,64,14,30,cosine,uniform,4,32,0,0.9660714268684387,0.9742857217788696,0.17700234055519104,0.9846511462451067,0.027,0.941428542137146,0.9300000071525574,,1248.0,1.0,323584,0,0,1.0,64.0,,,,,0.9561582707271461,0.9523909655607505,0.9749809523809523
multi8,linear,gaussian,bipolar,none,raw,,,,novel,1,4096,64,14,30,cosine,uniform,8,32,0,0.9607142806053162,0.9742857217788696,0.15688197314739227,0.9846511462451067,0.049,0.9399999976158142,0.9142857193946838,,1248.0,1.0,323584,0,0,1.0,64.0,,,,,0.9561582707271461,0.9523909655607505,0.9687333333333333
single_pass,linear,gaussian,bipolar,none,raw,,,,novel,1,4096,64,14,0,cosine,uniform,1,32,0,0.9750000238418579,0.9728571176528931,0.2107013761997223,0.9846511462451067,0.004,0.9542856812477112,0.9428571462631226,0.977142870426178,1248.0,1.0,323584,0,0,1.0,64.0,,,,,0.9561582707271461,0.9523909655607505,0.9814595238095238
proto8,linear,gaussian,bipolar,none,raw,,,,novel,1,4096,64,14,30,cosine,uniform,1,8,0,0.9732142686843872,0.9728571176528931,0.21037358045578003,0.9846511462451067,0.009,0.9542856812477112,0.9471428394317627,0.9785714149475098,1080.0,1.0,323584,0,0,1.0,64.0,,,,,0.9561582707271461,0.9523909655607505,0.9818142857142858
proto4,linear,gaussian,bipolar,none,raw,,,,novel,1,4096,64,14,30,cosine,uniform,1,4,0,0.9732142686843872,0.9728571176528931,0.20968496799468994,0.9846511462451067,0.013,0.9542856812477112,0.9442856907844543,0.9785714149475098,1052.0,1.0,323584,0,0,1.0,64.0,,,,,0.9561582707271461,0.9523909655607505,0.9817369047619048
proto2,linear,gaussian,bipolar,none,raw,,,,novel,1,4096,64,14,30,cosine,uniform,1,2,0,0.9732142686843872,0.9742857217788696,0.1972028613090515,0.9846511462451067,0.013,0.9542856812477112,0.9485714435577393,0.9785714149475098,1038.0,1.0,323584,0,0,1.0,64.0,,,,,0.9561582707271461,0.9523909655607505,0.9818369047619047
proto_ternary,linear,gaussian,bipolar,none,raw,,,,novel,1,4096,64,14,30,cosine,uniform,1,2,0,0.9750000238418579,0.9742857217788696,0.19481387734413147,0.9846511462451067,0.013,0.9528571367263794,0.941428542137146,0.9800000190734863,1038.0,1.0,323584,0,0,1.0,64.0,,,,,0.9561582707271461,0.9523909655607505,0.9811654761904761
proto_sign,linear,gaussian,bipolar,none,raw,,,,novel,1,4096,64,14,30,cosine,uniform,1,1,0,0.9696428775787354,0.9757142663002014,0.1780489683151245,0.9846511462451067,0.009,0.9514285326004028,0.941428542137146,0.9785714149475098,1031.0,1.0,323584,0,0,1.0,64.0,,,,,0.9561582707271461,0.9523909655607505,0.9806226190476192
gauss_preproc_l2,linear,gaussian,bipolar,l2,raw,,,,novel,1,4096,64,14,30,cosine,uniform,1,32,0,0.9732142686843872,0.9742857217788696,0.21035970747470856,0.9846511462451067,0.011,0.9542856812477112,0.9471428394317627,0.9785714149475098,1248.0,1.0,323584,0,0,1.0,64.0,,,,,0.9561582707271461,0.9523909655607505,0.9818023809523809
signrff_preproc_l2,rff,rff,bipolar,l2,raw,"{""bw_select"": ""val""}",,,novel,1,4096,64,14,30,cosine,uniform,1,32,0,0.9803571701049805,0.9757142663002014,0.09231763333082199,0.7192721914193816,0.043,0.9599999785423279,0.9542856812477112,0.9800000190734863,1264.0,32.0,323584,0,0,,,,,,,0.9926251589464644,0.9925426435434668,0.8715095238095237
gauss_preproc_std,linear,gaussian,bipolar,std,raw,,,,novel,1,4096,64,14,30,cosine,uniform,1,32,0,0.9732142686843872,0.9742857217788696,0.21035970747470856,0.9846511462451067,0.009,0.9542856812477112,0.9471428394317627,0.9785714149475098,1248.0,1.0,323584,0,0,1.0,64.0,,,,,0.9561582707271461,0.9523909655607505,0.9818023809523809
signrff_preproc_std,rff,rff,bipolar,std,raw,"{""bw_select"": ""val""}",,,novel,1,4096,64,14,30,cosine,uniform,1,32,0,0.9803571701049805,0.9757142663002014,0.09231764823198318,0.7192721914193816,0.036,0.9599999785423279,0.9542856812477112,0.9800000190734863,1264.0,32.0,323584,0,0,,,,,,,0.9926251589464644,0.9925426435434668,0.8715095238095237
gauss_preproc_whiten,linear,gaussian,bipolar,whiten,raw,,,,novel,1,4096,64,14,30,cosine,uniform,1,32,0,0.9732142686843872,0.9742857217788696,0.21035970747470856,0.9846511462451067,0.012,0.9542856812477112,0.9471428394317627,0.9785714149475098,1248.0,1.0,323584,0,0,1.0,64.0,,,,,0.9561582707271461,0.9523909655607505,0.9818023809523809
signrff_preproc_whiten,rff,rff,bipolar,whiten,raw,"{""bw_select"": ""val""}",,,novel,1,4096,64,14,30,cosine,uniform,1,32,0,0.9803571701049805,0.9757142663002014,0.09231764823198318,0.7192721914193816,0.043,0.9599999785423279,0.9542856812477112,0.9800000190734863,1264.0,32.0,323584,0,0,,,,,,,0.9926251589464644,0.9925426435434668,0.8715095238095237
signrff_base,rff,rff,bipolar,none,raw,"{""bw_select"": ""val""}",,,novel,1,4096,64,14,30,cosine,uniform,1,32,0,0.9803571701049805,0.9757142663002014,0.09231764823198318,0.7192721914193816,0.036,0.9599999785423279,0.9542856812477112,0.9800000190734863,1264.0,32.0,323584,0,0,,,,,,,0.9926251589464644,0.9925426435434668,0.8715095238095237
base_cos,linear,gaussian,bipolar,none,raw,,,,novel,2,4096,64,14,30,cosine,uniform,1,32,0,0.9750000238418579,0.9814285635948181,0.2149076610803604,0.9842967365283251,0.009,0.949999988079071,0.9642857313156128,0.9800000190734863,1248.0,1.0,323584,0,0,1.0,64.0,,,,,0.9652174256495775,0.9632809150072865,0.9802357142857143
sim_dot,linear,gaussian,bipolar,none,raw,,,,novel,2,4096,64,14,30,dot,uniform,1,32,0,0.9714285731315613,0.9800000190734863,52125.6796875,0.9842967365283251,0.012,0.9514285326004028,0.9542856812477112,0.9785714149475098,1248.0,1.0,323584,0,0,1.0,64.0,,,,,0.9652174256495775,0.9632809150072865,0.9777619047619048
sim_l1,linear,gaussian,bipolar,none,raw,"{""out"": ""real""}",,,novel,2,4096,64,14,30,l1,uniform,1,32,0,0.9803571701049805,0.9828571081161499,0.0029403618536889553,0.9939277388761287,0.013,0.9485714435577393,0.9585714340209961,0.9828571081161499,1248.0,32.0,323584,0,0,1.0,64.0,,,,,0.9741934570200164,0.9739345208183663,0.9797619047619048
sim_rbf,linear,gaussian,bipolar,none,raw,"{""out"": ""real""}",,,novel,2,4096,64,14,30,rbf,uniform,1,32,0,0.9767857193946838,0.9814285635948181,0.1397756189107895,0.9939277388761287,0.014,0.9485714435577393,0.9599999785423279,0.9800000190734863,1248.0,32.0,323584,0,0,1.0,64.0,,,,,0.9741934570200164,0.9739345208183663,0.9785285714285714
bin_hamming,linear,gaussian,bipolar,none,raw,"{""out"": ""binary01""}",,,novel,2,4096,64,14,30,hamming,uniform,1,32,0,0.9696428775787354,0.9800000190734863,6.368347644805908,0.9773575768500347,0.016,0.9514285326004028,0.9514285326004028,0.9742857217788696,1248.0,1.0,323584,0,0,1.0,64.0,,,,,0.9652174256495775,0.9632809150072865,0.9540404761904762
bin_cosine,linear,gaussian,bipolar,none,raw,"{""out"": ""binary01""}",,,novel,2,4096,64,14,30,cosine,uniform,1,32,0,0.9785714149475098,0.9828571081161499,0.05528738722205162,0.9773575768500347,0.012,0.9571428298950195,0.9671428203582764,0.9757142663002014,1248.0,1.0,323584,0,0,1.0,64.0,,,,,0.9652174256495775,0.9632809150072865,0.9754690476190477
weight_margin,linear,gaussian,bipolar,none,raw,,,,novel,2,4096,64,14,30,cosine,margin,1,32,0,0.9750000238418579,0.9785714149475098,0.21410691738128662,0.9842967365283251,0.013,0.9471428394317627,0.9585714340209961,0.9800000190734863,1248.0,1.0,323584,0,0,1.0,64.0,,,,,0.9652174256495775,0.9632809150072865,0.9756619047619048
weight_conf,linear,gaussian,bipolar,none,raw,,,,novel,2,4096,64,14,30,cosine,confidence,1,32,0,0.9750000238418579,0.9814285635948181,0.2150520533323288,0.9842967365283251,0.008,0.949999988079071,0.9614285826683044,0.9800000190734863,1248.0,1.0,323584,0,0,1.0,64.0,,,,,0.9652174256495775,0.9632809150072865,0.9791904761904761
multi2,linear,gaussian,bipolar,none,raw,,,,novel,2,4096,64,14,30,cosine,uniform,2,32,0,0.9660714268684387,0.9842857122421265,0.19707973301410675,0.9842967365283251,0.019,0.9557142853736877,0.9514285326004028,,1248.0,1.0,323584,0,0,1.0,64.0,,,,,0.9652174256495775,0.9632809150072865,0.976129761904762
multi4,linear,gaussian,bipolar,none,raw,,,,novel,2,4096,64,14,30,cosine,uniform,4,32,0,0.9696428775787354,0.9785714149475098,0.18142694234848022,0.9842967365283251,0.029,0.9457142949104309,0.9428571462631226,,1248.0,1.0,323584,0,0,1.0,64.0,,,,,0.9652174256495775,0.9632809150072865,0.9662595238095238
multi8,linear,gaussian,bipolar,none,raw,,,,novel,2,4096,64,14,30,cosine,uniform,8,32,0,0.9660714268684387,0.977142870426178,0.16829536855220795,0.9842967365283251,0.048,0.9385713934898376,0.9385713934898376,,1248.0,1.0,323584,0,0,1.0,64.0,,,,,0.9652174256495775,0.9632809150072865,0.9631452380952381
single_pass,linear,gaussian,bipolar,none,raw,,,,novel,2,4096,64,14,0,cosine,uniform,1,32,0,0.9785714149475098,0.9800000190734863,0.21500256657600403,0.9842967365283251,0.004,0.9557142853736877,0.9614285826683044,0.9800000190734863,1248.0,1.0,323584,0,0,1.0,64.0,,,,,0.9652174256495775,0.9632809150072865,0.979997619047619
proto8,linear,gaussian,bipolar,none,raw,,,,novel,2,4096,64,14,30,cosine,uniform,1,8,0,0.9750000238418579,0.9814285635948181,0.2148967683315277,0.9842967365283251,0.013,0.9514285326004028,0.9642857313156128,0.9800000190734863,1080.0,1.0,323584,0,0,1.0,64.0,,,,,0.9652174256495775,0.9632809150072865,0.9802309523809524
proto4,linear,gaussian,bipolar,none,raw,,,,novel,2,4096,64,14,30,cosine,uniform,1,4,0,0.9750000238418579,0.9828571081161499,0.21450915932655334,0.9842967365283251,0.012,0.949999988079071,0.9642857313156128,0.9800000190734863,1052.0,1.0,323584,0,0,1.0,64.0,,,,,0.9652174256495775,0.9632809150072865,0.9800119047619047
proto2,linear,gaussian,bipolar,none,raw,,,,novel,2,4096,64,14,30,cosine,uniform,1,2,0,0.9767857193946838,0.9814285635948181,0.20218928158283234,0.9842967365283251,0.013,0.9557142853736877,0.9599999785423279,0.9814285635948181,1038.0,1.0,323584,0,0,1.0,64.0,,,,,0.9652174256495775,0.9632809150072865,0.9802130952380953
proto_ternary,linear,gaussian,bipolar,none,raw,,,,novel,2,4096,64,14,30,cosine,uniform,1,2,0,0.9767857193946838,0.9814285635948181,0.19893363118171692,0.9842967365283251,0.013,0.9485714435577393,0.9599999785423279,0.9814285635948181,1038.0,1.0,323584,0,0,1.0,64.0,,,,,0.9652174256495775,0.9632809150072865,0.9791333333333334
proto_sign,linear,gaussian,bipolar,none,raw,,,,novel,2,4096,64,14,30,cosine,uniform,1,1,0,0.9750000238418579,0.9828571081161499,0.1814655363559723,0.9842967365283251,0.009,0.9528571367263794,0.9557142853736877,0.9828571081161499,1031.0,1.0,323584,0,0,1.0,64.0,,,,,0.9652174256495775,0.9632809150072865,0.9780785714285714
gauss_preproc_l2,linear,gaussian,bipolar,l2,raw,,,,novel,2,4096,64,14,30,cosine,uniform,1,32,0,0.9750000238418579,0.9814285635948181,0.2149076610803604,0.9842967365283251,0.009,0.949999988079071,0.9642857313156128,0.9800000190734863,1248.0,1.0,323584,0,0,1.0,64.0,,,,,0.9652174256495775,0.9632809150072865,0.9802357142857143
signrff_preproc_l2,rff,rff,bipolar,l2,raw,"{""bw_select"": ""val""}",,,novel,2,4096,64,14,30,cosine,uniform,1,32,0,0.9767857193946838,0.9828571081161499,0.10219249129295349,0.6803187678793345,0.041,0.9571428298950195,0.9599999785423279,0.9800000190734863,1264.0,32.0,323584,0,0,,,,,,,0.9206575841191131,0.9067692994662347,0.8830261904761905
gauss_preproc_std,linear,gaussian,bipolar,std,raw,,,,novel,2,4096,64,14,30,cosine,uniform,1,32,0,0.9750000238418579,0.9814285635948181,0.2149076610803604,0.9842967365283251,0.008,0.949999988079071,0.9642857313156128,0.9800000190734863,1248.0,1.0,323584,0,0,1.0,64.0,,,,,0.9652174256495775,0.9632809150072865,0.9802357142857143
signrff_preproc_std,rff,rff,bipolar,std,raw,"{""bw_select"": ""val""}",,,novel,2,4096,64,14,30,cosine,uniform,1,32,0,0.9767857193946838,0.9828571081161499,0.10219249129295349,0.6803187678793345,0.102,0.9571428298950195,0.9599999785423279,0.9800000190734863,1264.0,32.0,323584,0,0,,,,,,,0.9206575841191131,0.9067692994662347,0.8830261904761905
gauss_preproc_whiten,linear,gaussian,bipolar,whiten,raw,,,,novel,2,4096,64,14,30,cosine,uniform,1,32,0,0.9750000238418579,0.9814285635948181,0.2149076610803604,0.9842967365283251,0.013,0.949999988079071,0.9642857313156128,0.9800000190734863,1248.0,1.0,323584,0,0,1.0,64.0,,,,,0.9652174256495775,0.9632809150072865,0.9802357142857143
signrff_preproc_whiten,rff,rff,bipolar,whiten,raw,"{""bw_select"": ""val""}",,,novel,2,4096,64,14,30,cosine,uniform,1,32,0,0.9767857193946838,0.9828571081161499,0.10219249129295349,0.6803187678793345,0.047,0.9571428298950195,0.9599999785423279,0.9800000190734863,1264.0,32.0,323584,0,0,,,,,,,0.9206575841191131,0.9067692994662347,0.8830261904761905
signrff_base,rff,rff,bipolar,none,raw,"{""bw_select"": ""val""}",,,novel,2,4096,64,14,30,cosine,uniform,1,32,0,0.9767857193946838,0.9828571081161499,0.10219249129295349,0.6803187678793345,0.04,0.9571428298950195,0.9599999785423279,0.9800000190734863,1264.0,32.0,323584,0,0,,,,,,,0.9206575841191131,0.9067692994662347,0.8830261904761905
