spec,family,rp,out,preproc,extractor,params,spec_sim,codec,task,seed,dim,F,C,epochs,sim,weight,multi,proto_bits,quant_train,val_acc,id_acc,margin_id,geom_fid,fit_s,acc_noise_0.5,acc_drop_0.2,acc_flip_0.05,mem_kb,vec_bits,ops_per_query,ext_bits,ext_ops,rp_density,rp_rank,acc_shift_6,margin_ood,acc_shift_12,acc_shift_18
gaussian,linear,gaussian,bipolar,none,raw,,,,linear,0,1024,64,30,30,cosine,uniform,1,32,0,0.9950000047683716,0.9926666617393494,0.2523500323295593,0.9389883125250222,0.248,0.981333315372467,0.9746666550636292,0.9926666617393494,376.0,1.0,97280,0,0,1.0,64.0,,,,
signrff_tuned,rff,rff,bipolar,none,raw,"{""bw_select"": ""val""}",,,linear,0,1024,64,30,30,cosine,uniform,1,32,0,0.9958333373069763,0.9946666359901428,0.13805919885635376,0.656032741500568,0.034,0.9819999933242798,0.9706666469573975,0.9873332977294922,380.0,32.0,97280,0,0,,,,,,
learned_e10,learned,learned,bipolar,none,raw,"{""epochs"": 10}",,,linear,0,1024,64,30,30,cosine,uniform,1,32,0,0.996666669845581,0.996666669845581,0.3800140619277954,0.7443870944747204,0.437,0.9886666536331177,0.9826666712760925,0.996666669845581,376.5,1.0,97408,0,0,,,,,,
learned_e40,learned,learned,bipolar,none,raw,"{""epochs"": 40}",,,linear,0,1024,64,30,30,cosine,uniform,1,32,0,0.9975000023841858,0.996666669845581,0.41381484270095825,0.7179938872161373,0.171,0.9886666536331177,0.9819999933242798,0.9959999918937683,376.5,1.0,97408,0,0,,,,,,
learned_e120,learned,learned,bipolar,none,raw,"{""epochs"": 120}",,,linear,0,1024,64,30,30,cosine,uniform,1,32,0,0.9983333349227905,0.9953333139419556,0.44136491417884827,0.6990334797796182,0.511,0.9873332977294922,0.9819999933242798,0.9953333139419556,376.5,1.0,97408,0,0,,,,,,
learned_init_rad,learned,learned,bipolar,none,raw,"{""epochs"": 60, ""init"": ""rademacher""}",,,linear,0,1024,64,30,30,cosine,uniform,1,32,0,0.996666669845581,0.996666669845581,0.42423102259635925,0.7075933151403783,0.305,0.9860000014305115,0.981333315372467,0.9973333477973938,376.5,1.0,97408,0,0,,,,,,
learned_lr3e-3,learned,learned,bipolar,none,raw,"{""epochs"": 60, ""lr"": 0.003}",,,linear,0,1024,64,30,30,cosine,uniform,1,32,0,0.9983333349227905,0.996666669845581,0.4056469798088074,0.7284659913909813,0.308,0.9893333315849304,0.9853333234786987,0.996666669845581,376.5,1.0,97408,0,0,,,,,,
learned_lr3e-2,learned,learned,bipolar,none,raw,"{""epochs"": 60, ""lr"": 0.03}",,,linear,0,1024,64,30,30,cosine,uniform,1,32,0,0.9983333349227905,0.9973333477973938,0.423289954662323,0.7121726118167877,0.261,0.9866666793823242,0.9853333234786987,0.996666669845581,376.5,1.0,97408,0,0,,,,,,
datainformed_k1,datainformed,datainformed,bipolar,none,raw,"{""K"": 1}",,,linear,0,1024,64,30,30,cosine,uniform,1,32,0,0.9950000047683716,0.9926666617393494,0.2523500323295593,0.9389883125250222,0.007,0.981333315372467,0.9746666550636292,0.9926666617393494,376.0,1.0,97280,0,0,,,,,,
datainformed_k4,datainformed,datainformed,bipolar,none,raw,"{""K"": 4}",,,linear,0,1024,64,30,30,cosine,uniform,1,32,0,0.9950000047683716,0.9919999837875366,0.25198572874069214,0.9397301443975552,0.009,0.9766666293144226,0.9806666374206543,0.9919999837875366,376.0,1.0,97280,0,0,,,,,,
datainformed_k16,datainformed,datainformed,bipolar,none,raw,"{""K"": 16}",,,linear,0,1024,64,30,30,cosine,uniform,1,32,0,0.9941666722297668,0.9946666359901428,0.2516322135925293,0.937530604755979,0.019,0.981333315372467,0.9766666293144226,0.9933333396911621,376.0,1.0,97280,0,0,,,,,,
datainformed_k64,datainformed,datainformed,bipolar,none,raw,"{""K"": 64}",,,linear,0,1024,64,30,30,cosine,uniform,1,32,0,0.9941666722297668,0.9946666359901428,0.2516322135925293,0.937530604755979,0.057,0.981333315372467,0.9766666293144226,0.9933333396911621,376.0,1.0,97280,0,0,,,,,,
datainformed_k256,datainformed,datainformed,bipolar,none,raw,"{""K"": 256}",,,linear,0,1024,64,30,30,cosine,uniform,1,32,0,0.9941666722297668,0.9959999918937683,0.25283917784690857,0.9359314246659878,0.211,0.9826666712760925,0.9793333411216736,0.9946666359901428,376.0,1.0,97280,0,0,,,,,,
imp_g0.25,imp,imp,bipolar,none,raw,"{""gain"": 0.25}",,,linear,0,1024,64,30,30,cosine,uniform,1,32,0,0.9941666722297668,0.9926666617393494,0.2517557144165039,0.9379875169373509,0.009,0.9786666631698608,0.9760000109672546,0.9913333058357239,392.0,1.0,101376,0,0,,,,,,
imp_g0.5,imp,imp,bipolar,none,raw,"{""gain"": 0.5}",,,linear,0,1024,64,30,30,cosine,uniform,1,32,0,0.9925000071525574,0.9926666617393494,0.25084400177001953,0.9350768870932198,0.006,0.9779999852180481,0.972000002861023,0.9926666617393494,392.0,1.0,101376,0,0,,,,,,
imp_g1.0,imp,imp,bipolar,none,raw,"{""gain"": 1.0}",,,linear,0,1024,64,30,30,cosine,uniform,1,32,0,0.9908333420753479,0.9926666617393494,0.24726121127605438,0.9216390684337099,0.006,0.9753333330154419,0.9726666808128357,0.9913333058357239,392.0,1.0,101376,0,0,,,,,,
cotrain_fixedP,linear,gaussian,bipolar,none,cotrain,,,,linear,0,1024,128,30,30,cosine,uniform,1,32,0,0.9983333349227905,0.9940000176429749,0.5348727107048035,0.9576575010392084,0.675,0.9926666617393494,0.9953333139419556,0.9933333396911621,632.0,1.0,162816,798720,24704,1.0,128.0,,,,
cotrain_learnP,linear,gaussian,bipolar,none,cotrain,,,,linear,0,1024,128,30,30,cosine,uniform,1,32,0,0.9983333349227905,0.9940000176429749,0.5099729895591736,0.9227175376898098,0.643,0.9940000176429749,0.9940000176429749,0.9940000176429749,632.0,1.0,162816,798720,24704,1.0,128.0,,,,
gaussian,linear,gaussian,bipolar,none,raw,,,,linear,1,1024,64,30,30,cosine,uniform,1,32,0,1.0,0.9926666617393494,0.25013864040374756,0.9356412907035259,0.007,0.9853333234786987,0.9713333249092102,0.9919999837875366,376.0,1.0,97280,0,0,1.0,64.0,,,,
signrff_tuned,rff,rff,bipolar,none,raw,"{""bw_select"": ""val""}",,,linear,1,1024,64,30,30,cosine,uniform,1,32,0,0.9983333349227905,0.9926666617393494,0.13519887626171112,0.6495470274553127,0.029,0.9886666536331177,0.9733332991600037,0.9879999756813049,380.0,32.0,97280,0,0,,,,,,
learned_e10,learned,learned,bipolar,none,raw,"{""epochs"": 10}",,,linear,1,1024,64,30,30,cosine,uniform,1,32,0,1.0,0.9959999918937683,0.3831605613231659,0.7515188476288065,0.057,0.9906666278839111,0.9806666374206543,0.9940000176429749,376.5,1.0,97408,0,0,,,,,,
learned_e40,learned,learned,bipolar,none,raw,"{""epochs"": 40}",,,linear,1,1024,64,30,30,cosine,uniform,1,32,0,1.0,0.996666669845581,0.41619986295700073,0.7269963435316606,0.191,0.9879999756813049,0.9800000190734863,0.9953333139419556,376.5,1.0,97408,0,0,,,,,,
learned_e120,learned,learned,bipolar,none,raw,"{""epochs"": 120}",,,linear,1,1024,64,30,30,cosine,uniform,1,32,0,1.0,0.9979999661445618,0.44690001010894775,0.7073052953487174,0.554,0.9893333315849304,0.9793333411216736,0.9959999918937683,376.5,1.0,97408,0,0,,,,,,
learned_init_rad,learned,learned,bipolar,none,raw,"{""epochs"": 60, ""init"": ""rademacher""}",,,linear,1,1024,64,30,30,cosine,uniform,1,32,0,1.0,0.996666669845581,0.4300421476364136,0.7187464903075971,0.299,0.9900000095367432,0.9800000190734863,0.996666669845581,376.5,1.0,97408,0,0,,,,,,
learned_lr3e-3,learned,learned,bipolar,none,raw,"{""epochs"": 60, ""lr"": 0.003}",,,linear,1,1024,64,30,30,cosine,uniform,1,32,0,1.0,0.996666669845581,0.40905672311782837,0.7384282202936443,0.299,0.9913333058357239,0.9819999933242798,0.9940000176429749,376.5,1.0,97408,0,0,,,,,,
learned_lr3e-2,learned,learned,bipolar,none,raw,"{""epochs"": 60, ""lr"": 0.03}",,,linear,1,1024,64,30,30,cosine,uniform,1,32,0,1.0,0.9973333477973938,0.43087467551231384,0.7177584152383654,0.27,0.9893333315849304,0.9773333072662354,0.9953333139419556,376.5,1.0,97408,0,0,,,,,,
datainformed_k1,datainformed,datainformed,bipolar,none,raw,"{""K"": 1}",,,linear,1,1024,64,30,30,cosine,uniform,1,32,0,1.0,0.9926666617393494,0.25013864040374756,0.9356412907035259,0.007,0.9853333234786987,0.9713333249092102,0.9919999837875366,376.0,1.0,97280,0,0,,,,,,
datainformed_k4,datainformed,datainformed,bipolar,none,raw,"{""K"": 4}",,,linear,1,1024,64,30,30,cosine,uniform,1,32,0,0.9958333373069763,0.9940000176429749,0.25204211473464966,0.9370566646278355,0.009,0.9826666712760925,0.9733332991600037,0.9926666617393494,376.0,1.0,97280,0,0,,,,,,
datainformed_k16,datainformed,datainformed,bipolar,none,raw,"{""K"": 16}",,,linear,1,1024,64,30,30,cosine,uniform,1,32,0,0.9958333373069763,0.9940000176429749,0.25204211473464966,0.9370566646278355,0.019,0.9826666712760925,0.9733332991600037,0.9926666617393494,376.0,1.0,97280,0,0,,,,,,
datainformed_k64,datainformed,datainformed,bipolar,none,raw,"{""K"": 64}",,,linear,1,1024,64,30,30,cosine,uniform,1,32,0,0.996666669845581,0.9919999837875366,0.250376433134079,0.9383360868257244,0.059,0.9833333492279053,0.9699999690055847,0.9906666278839111,376.0,1.0,97280,0,0,,,,,,
datainformed_k256,datainformed,datainformed,bipolar,none,raw,"{""K"": 256}",,,linear,1,1024,64,30,30,cosine,uniform,1,32,0,0.996666669845581,0.9919999837875366,0.250376433134079,0.9383360868257244,0.218,0.9833333492279053,0.9699999690055847,0.9906666278839111,376.0,1.0,97280,0,0,,,,,,
imp_g0.25,imp,imp,bipolar,none,raw,"{""gain"": 0.25}",,,linear,1,1024,64,30,30,cosine,uniform,1,32,0,0.9991666674613953,0.9933333396911621,0.2495531588792801,0.9342751835246874,0.007,0.9860000014305115,0.9699999690055847,0.9906666278839111,392.0,1.0,101376,0,0,,,,,,
imp_g0.5,imp,imp,bipolar,none,raw,"{""gain"": 0.5}",,,linear,1,1024,64,30,30,cosine,uniform,1,32,0,0.9975000023841858,0.9926666617393494,0.24844864010810852,0.9311114239319388,0.007,0.9826666712760925,0.9706666469573975,0.9906666278839111,392.0,1.0,101376,0,0,,,,,,
imp_g1.0,imp,imp,bipolar,none,raw,"{""gain"": 1.0}",,,linear,1,1024,64,30,30,cosine,uniform,1,32,0,0.9950000047683716,0.9906666278839111,0.24474108219146729,0.9174470438853647,0.007,0.9826666712760925,0.9679999947547913,0.9913333058357239,392.0,1.0,101376,0,0,,,,,,
cotrain_fixedP,linear,gaussian,bipolar,none,cotrain,,,,linear,1,1024,128,30,30,cosine,uniform,1,32,0,1.0,0.996666669845581,0.5483806729316711,0.9496264641353142,0.659,0.9919999837875366,0.9979999661445618,0.996666669845581,632.0,1.0,162816,798720,24704,1.0,128.0,,,,
cotrain_learnP,linear,gaussian,bipolar,none,cotrain,,,,linear,1,1024,128,30,30,cosine,uniform,1,32,0,1.0,0.996666669845581,0.5322762131690979,0.9262051571636937,0.626,0.9959999918937683,0.996666669845581,0.996666669845581,632.0,1.0,162816,798720,24704,1.0,128.0,,,,
gaussian,linear,gaussian,bipolar,none,raw,,,,linear,2,1024,64,30,30,cosine,uniform,1,32,0,0.996666669845581,0.9953333139419556,0.24954192340373993,0.9378104023303181,0.007,0.9853333234786987,0.9793333411216736,0.9933333396911621,376.0,1.0,97280,0,0,1.0,64.0,,,,
signrff_tuned,rff,rff,bipolar,none,raw,"{""bw_select"": ""val""}",,,linear,2,1024,64,30,30,cosine,uniform,1,32,0,0.9950000047683716,0.996666669845581,0.09204123914241791,0.64341082849769,0.027,0.9826666712760925,0.9806666374206543,0.9800000190734863,380.0,32.0,97280,0,0,,,,,,
learned_e10,learned,learned,bipolar,none,raw,"{""epochs"": 10}",,,linear,2,1024,64,30,30,cosine,uniform,1,32,0,0.9983333349227905,0.996666669845581,0.37620019912719727,0.7498765033847872,0.062,0.984666645526886,0.9879999756813049,0.9973333477973938,376.5,1.0,97408,0,0,,,,,,
learned_e40,learned,learned,bipolar,none,raw,"{""epochs"": 40}",,,linear,2,1024,64,30,30,cosine,uniform,1,32,0,1.0,0.9959999918937683,0.40773460268974304,0.7262283913977073,0.201,0.9853333234786987,0.9873332977294922,0.996666669845581,376.5,1.0,97408,0,0,,,,,,
learned_e120,learned,learned,bipolar,none,raw,"{""epochs"": 120}",,,linear,2,1024,64,30,30,cosine,uniform,1,32,0,0.9991666674613953,0.9959999918937683,0.43572551012039185,0.707432714284917,0.592,0.9866666793823242,0.9853333234786987,0.996666669845581,376.5,1.0,97408,0,0,,,,,,
learned_init_rad,learned,learned,bipolar,none,raw,"{""epochs"": 60, ""init"": ""rademacher""}",,,linear,2,1024,64,30,30,cosine,uniform,1,32,0,0.9983333349227905,0.9959999918937683,0.419168621301651,0.7173234473865354,0.299,0.9839999675750732,0.9860000014305115,0.996666669845581,376.5,1.0,97408,0,0,,,,,,
learned_lr3e-3,learned,learned,bipolar,none,raw,"{""epochs"": 60, ""lr"": 0.003}",,,linear,2,1024,64,30,30,cosine,uniform,1,32,0,0.9975000023841858,0.996666669845581,0.40207481384277344,0.7369450282377715,0.297,0.9873332977294922,0.9893333315849304,0.9973333477973938,376.5,1.0,97408,0,0,,,,,,
learned_lr3e-2,learned,learned,bipolar,none,raw,"{""epochs"": 60, ""lr"": 0.03}",,,linear,2,1024,64,30,30,cosine,uniform,1,32,0,0.9975000023841858,0.996666669845581,0.4185284376144409,0.7195902760231798,0.292,0.9866666793823242,0.9833333492279053,0.996666669845581,376.5,1.0,97408,0,0,,,,,,
datainformed_k1,datainformed,datainformed,bipolar,none,raw,"{""K"": 1}",,,linear,2,1024,64,30,30,cosine,uniform,1,32,0,0.996666669845581,0.9953333139419556,0.24954192340373993,0.9378104023303181,0.006,0.9853333234786987,0.9793333411216736,0.9933333396911621,376.0,1.0,97280,0,0,,,,,,
datainformed_k4,datainformed,datainformed,bipolar,none,raw,"{""K"": 4}",,,linear,2,1024,64,30,30,cosine,uniform,1,32,0,0.9958333373069763,0.9953333139419556,0.24993857741355896,0.9405392450274368,0.009,0.9819999933242798,0.981333315372467,0.9953333139419556,376.0,1.0,97280,0,0,,,,,,
datainformed_k16,datainformed,datainformed,bipolar,none,raw,"{""K"": 16}",,,linear,2,1024,64,30,30,cosine,uniform,1,32,0,0.996666669845581,0.9940000176429749,0.24987410008907318,0.9364643794579691,0.019,0.984666645526886,0.9806666374206543,0.9933333396911621,376.0,1.0,97280,0,0,,,,,,
datainformed_k64,datainformed,datainformed,bipolar,none,raw,"{""K"": 64}",,,linear,2,1024,64,30,30,cosine,uniform,1,32,0,0.9983333349227905,0.9953333139419556,0.25337234139442444,0.9378349094904208,0.057,0.981333315372467,0.981333315372467,0.9933333396911621,376.0,1.0,97280,0,0,,,,,,
datainformed_k256,datainformed,datainformed,bipolar,none,raw,"{""K"": 256}",,,linear,2,1024,64,30,30,cosine,uniform,1,32,0,0.9950000047683716,0.9940000176429749,0.2500399649143219,0.9376566689613902,0.212,0.9786666631698608,0.9806666374206543,0.9940000176429749,376.0,1.0,97280,0,0,,,,,,
imp_g0.25,imp,imp,bipolar,none,raw,"{""gain"": 0.25}",,,linear,2,1024,64,30,30,cosine,uniform,1,32,0,0.9958333373069763,0.9953333139419556,0.24869519472122192,0.9366633677536144,0.006,0.984666645526886,0.9793333411216736,0.9940000176429749,392.0,1.0,101376,0,0,,,,,,
imp_g0.5,imp,imp,bipolar,none,raw,"{""gain"": 0.5}",,,linear,2,1024,64,30,30,cosine,uniform,1,32,0,0.9958333373069763,0.9953333139419556,0.24789603054523468,0.9329174741623669,0.006,0.9833333492279053,0.9786666631698608,0.9953333139419556,392.0,1.0,101376,0,0,,,,,,
imp_g1.0,imp,imp,bipolar,none,raw,"{""gain"": 1.0}",,,linear,2,1024,64,30,30,cosine,uniform,1,32,0,0.9933333396911621,0.9940000176429749,0.2444537878036499,0.9201576404110929,0.006,0.9826666712760925,0.9779999852180481,0.9933333396911621,392.0,1.0,101376,0,0,,,,,,
cotrain_fixedP,linear,gaussian,bipolar,none,cotrain,,,,linear,2,1024,128,30,30,cosine,uniform,1,32,0,0.9958333373069763,0.9959999918937683,0.5331367254257202,0.9583183136478441,0.671,0.9940000176429749,0.996666669845581,0.9953333139419556,632.0,1.0,162816,798720,24704,1.0,128.0,,,,
cotrain_learnP,linear,gaussian,bipolar,none,cotrain,,,,linear,2,1024,128,30,30,cosine,uniform,1,32,0,0.996666669845581,0.9953333139419556,0.5163149237632751,0.9242012416607941,0.688,0.9953333139419556,0.9953333139419556,0.996666669845581,632.0,1.0,162816,798720,24704,1.0,128.0,,,,
gaussian,linear,gaussian,bipolar,none,raw,,,,fine,0,1024,64,30,30,cosine,uniform,1,32,0,0.7008333206176758,0.6959999799728394,0.0404355563223362,0.9384927333913473,0.008,0.581333339214325,0.5886666774749756,0.6759999990463257,376.0,1.0,97280,0,0,1.0,64.0,,,,
signrff_tuned,rff,rff,bipolar,none,raw,"{""bw_select"": ""val""}",,,fine,0,1024,64,30,30,cosine,uniform,1,32,0,0.7100000381469727,0.6899999976158142,0.0074009462259709835,0.6680543725613959,0.036,0.5953333377838135,0.5786666870117188,0.38999998569488525,380.0,32.0,97280,0,0,,,,,,
learned_e10,learned,learned,bipolar,none,raw,"{""epochs"": 10}",,,fine,0,1024,64,30,30,cosine,uniform,1,32,0,0.7308333516120911,0.7120000123977661,0.07368915528059006,0.7120926019811186,0.053,0.6119999885559082,0.6066666841506958,0.7006666660308838,376.5,1.0,97408,0,0,,,,,,
learned_e40,learned,learned,bipolar,none,raw,"{""epochs"": 40}",,,fine,0,1024,64,30,30,cosine,uniform,1,32,0,0.7366666793823242,0.7113333344459534,0.08047962188720703,0.6914012198166739,0.184,0.6113333106040955,0.609333336353302,0.70333331823349,376.5,1.0,97408,0,0,,,,,,
learned_e120,learned,learned,bipolar,none,raw,"{""epochs"": 120}",,,fine,0,1024,64,30,30,cosine,uniform,1,32,0,0.7283333539962769,0.7053333520889282,0.08155558258295059,0.6870348146394006,0.516,0.6206666827201843,0.6133333444595337,0.7059999704360962,376.5,1.0,97408,0,0,,,,,,
learned_init_rad,learned,learned,bipolar,none,raw,"{""epochs"": 60, ""init"": ""rademacher""}",,,fine,0,1024,64,30,30,cosine,uniform,1,32,0,0.7300000190734863,0.7093333005905151,0.08171488344669342,0.6885831118076825,0.263,0.6200000047683716,0.6166666746139526,0.7013333439826965,376.5,1.0,97408,0,0,,,,,,
learned_lr3e-3,learned,learned,bipolar,none,raw,"{""epochs"": 60, ""lr"": 0.003}",,,fine,0,1024,64,30,30,cosine,uniform,1,32,0,0.7316666841506958,0.7153333425521851,0.08018024265766144,0.6931404643852407,0.257,0.6153333187103271,0.6119999885559082,0.7080000042915344,376.5,1.0,97408,0,0,,,,,,
learned_lr3e-2,learned,learned,bipolar,none,raw,"{""epochs"": 60, ""lr"": 0.03}",,,fine,0,1024,64,30,30,cosine,uniform,1,32,0,0.7325000166893005,0.7099999785423279,0.08220569789409637,0.692509676231529,0.301,0.6266666650772095,0.6119999885559082,0.7099999785423279,376.5,1.0,97408,0,0,,,,,,
datainformed_k1,datainformed,datainformed,bipolar,none,raw,"{""K"": 1}",,,fine,0,1024,64,30,30,cosine,uniform,1,32,0,0.7008333206176758,0.6959999799728394,0.0404355563223362,0.9384927333913473,0.009,0.581333339214325,0.5886666774749756,0.6759999990463257,376.0,1.0,97280,0,0,,,,,,
datainformed_k4,datainformed,datainformed,bipolar,none,raw,"{""K"": 4}",,,fine,0,1024,64,30,30,cosine,uniform,1,32,0,0.7008333206176758,0.6959999799728394,0.0404355563223362,0.9384927333913473,0.011,0.581333339214325,0.5886666774749756,0.6759999990463257,376.0,1.0,97280,0,0,,,,,,
datainformed_k16,datainformed,datainformed,bipolar,none,raw,"{""K"": 16}",,,fine,0,1024,64,30,30,cosine,uniform,1,32,0,0.6766666769981384,0.6899999976158142,0.038927800953388214,0.9375654712457889,0.021,0.578000009059906,0.5820000171661377,0.668666660785675,376.0,1.0,97280,0,0,,,,,,
datainformed_k64,datainformed,datainformed,bipolar,none,raw,"{""K"": 64}",,,fine,0,1024,64,30,30,cosine,uniform,1,32,0,0.6958333253860474,0.6806666851043701,0.038715142756700516,0.9378524708669322,0.059,0.5806666612625122,0.5746666789054871,0.6660000085830688,376.0,1.0,97280,0,0,,,,,,
datainformed_k256,datainformed,datainformed,bipolar,none,raw,"{""K"": 256}",,,fine,0,1024,64,30,30,cosine,uniform,1,32,0,0.6866666674613953,0.6866666674613953,0.038895852863788605,0.9402064330465999,0.214,0.590666651725769,0.5766666531562805,0.6706666350364685,376.0,1.0,97280,0,0,,,,,,
imp_g0.25,imp,imp,bipolar,none,raw,"{""gain"": 0.25}",,,fine,0,1024,64,30,30,cosine,uniform,1,32,0,0.7050000429153442,0.6893333196640015,0.03988618776202202,0.93735585439189,0.008,0.5899999737739563,0.5953333377838135,0.671999990940094,392.0,1.0,101376,0,0,,,,,,
imp_g0.5,imp,imp,bipolar,none,raw,"{""gain"": 0.5}",,,fine,0,1024,64,30,30,cosine,uniform,1,32,0,0.6991666555404663,0.6819999814033508,0.039424534887075424,0.9349472601219367,0.008,0.5899999737739563,0.5899999737739563,0.6746666431427002,392.0,1.0,101376,0,0,,,,,,
imp_g1.0,imp,imp,bipolar,none,raw,"{""gain"": 1.0}",,,fine,0,1024,64,30,30,cosine,uniform,1,32,0,0.6949999928474426,0.6840000152587891,0.03733666613698006,0.9239946441521294,0.008,0.5846666693687439,0.5853333473205566,0.6639999747276306,392.0,1.0,101376,0,0,,,,,,
cotrain_fixedP,linear,gaussian,bipolar,none,cotrain,,,,fine,0,1024,128,30,30,cosine,uniform,1,32,0,0.7141667008399963,0.6773333549499512,0.10639525204896927,0.9748837404032824,0.598,0.6660000085830688,0.6660000085830688,0.6786666512489319,632.0,1.0,162816,798720,24704,1.0,128.0,,,,
cotrain_learnP,linear,gaussian,bipolar,none,cotrain,,,,fine,0,1024,128,30,30,cosine,uniform,1,32,0,0.6899999976158142,0.6606666445732117,0.10499143600463867,0.8857007750963115,0.666,0.6193333268165588,0.6446666717529297,0.659333348274231,632.0,1.0,162816,798720,24704,1.0,128.0,,,,
gaussian,linear,gaussian,bipolar,none,raw,,,,fine,1,1024,64,30,30,cosine,uniform,1,32,0,0.6866666674613953,0.6893333196640015,0.039852213114500046,0.9336790201664159,0.01,0.5999999642372131,0.5826666355133057,0.6786666512489319,376.0,1.0,97280,0,0,1.0,64.0,,,,
signrff_tuned,rff,rff,bipolar,none,raw,"{""bw_select"": ""val""}",,,fine,1,1024,64,30,30,cosine,uniform,1,32,0,0.699999988079071,0.699999988079071,0.007028593681752682,0.6602771461229091,0.028,0.609333336353302,0.5726666450500488,0.44600000977516174,380.0,32.0,97280,0,0,,,,,,
learned_e10,learned,learned,bipolar,none,raw,"{""epochs"": 10}",,,fine,1,1024,64,30,30,cosine,uniform,1,32,0,0.7225000262260437,0.7353333234786987,0.07665331661701202,0.71689028662144,0.059,0.6299999952316284,0.6133333444595337,0.7286666631698608,376.5,1.0,97408,0,0,,,,,,
learned_e40,learned,learned,bipolar,none,raw,"{""epochs"": 40}",,,fine,1,1024,64,30,30,cosine,uniform,1,32,0,0.7316666841506958,0.7426666617393494,0.08420424163341522,0.6958216815834951,0.203,0.6499999761581421,0.6159999966621399,0.7446666359901428,376.5,1.0,97408,0,0,,,,,,
learned_e120,learned,learned,bipolar,none,raw,"{""epochs"": 120}",,,fine,1,1024,64,30,30,cosine,uniform,1,32,0,0.7383333444595337,0.7446666359901428,0.08654825389385223,0.6903411917708095,0.542,0.6459999680519104,0.6173333525657654,0.7426666617393494,376.5,1.0,97408,0,0,,,,,,
learned_init_rad,learned,learned,bipolar,none,raw,"{""epochs"": 60, ""init"": ""rademacher""}",,,fine,1,1024,64,30,30,cosine,uniform,1,32,0,0.7275000214576721,0.7453333139419556,0.085394486784935,0.6888008833795352,0.256,0.6439999938011169,0.6179999709129333,0.7493333220481873,376.5,1.0,97408,0,0,,,,,,
learned_lr3e-3,learned,learned,bipolar,none,raw,"{""epochs"": 60, ""lr"": 0.003}",,,fine,1,1024,64,30,30,cosine,uniform,1,32,0,0.7241666913032532,0.7393333315849304,0.0831570252776146,0.7002785344769095,0.258,0.6353332996368408,0.6113333106040955,0.7440000176429749,376.5,1.0,97408,0,0,,,,,,
learned_lr3e-2,learned,learned,bipolar,none,raw,"{""epochs"": 60, ""lr"": 0.03}",,,fine,1,1024,64,30,30,cosine,uniform,1,32,0,0.7308333516120911,0.7366666793823242,0.08498522639274597,0.6977547697236207,0.28,0.6513333320617676,0.6240000128746033,0.7360000014305115,376.5,1.0,97408,0,0,,,,,,
datainformed_k1,datainformed,datainformed,bipolar,none,raw,"{""K"": 1}",,,fine,1,1024,64,30,30,cosine,uniform,1,32,0,0.6866666674613953,0.6893333196640015,0.039852213114500046,0.9336790201664159,0.009,0.5999999642372131,0.5826666355133057,0.6786666512489319,376.0,1.0,97280,0,0,,,,,,
datainformed_k4,datainformed,datainformed,bipolar,none,raw,"{""K"": 4}",,,fine,1,1024,64,30,30,cosine,uniform,1,32,0,0.7008333206176758,0.7006666660308838,0.04030909389257431,0.9361125296782278,0.011,0.6146666407585144,0.5746666789054871,0.6833333373069763,376.0,1.0,97280,0,0,,,,,,
datainformed_k16,datainformed,datainformed,bipolar,none,raw,"{""K"": 16}",,,fine,1,1024,64,30,30,cosine,uniform,1,32,0,0.6933333277702332,0.7046666741371155,0.04010385274887085,0.9354267392975134,0.021,0.5926666855812073,0.5973333120346069,0.6899999976158142,376.0,1.0,97280,0,0,,,,,,
datainformed_k64,datainformed,datainformed,bipolar,none,raw,"{""K"": 64}",,,fine,1,1024,64,30,30,cosine,uniform,1,32,0,0.6983333230018616,0.6966666579246521,0.04069526121020317,0.9360715444447923,0.059,0.6113333106040955,0.5826666355133057,0.6893333196640015,376.0,1.0,97280,0,0,,,,,,
datainformed_k256,datainformed,datainformed,bipolar,none,raw,"{""K"": 256}",,,fine,1,1024,64,30,30,cosine,uniform,1,32,0,0.6983333230018616,0.6966666579246521,0.04069526121020317,0.9360715444447923,0.214,0.6113333106040955,0.5826666355133057,0.6893333196640015,376.0,1.0,97280,0,0,,,,,,
imp_g0.25,imp,imp,bipolar,none,raw,"{""gain"": 0.25}",,,fine,1,1024,64,30,30,cosine,uniform,1,32,0,0.6924999952316284,0.6973333358764648,0.03910602256655693,0.932770032555374,0.008,0.5960000157356262,0.5846666693687439,0.6766666769981384,392.0,1.0,101376,0,0,,,,,,
imp_g0.5,imp,imp,bipolar,none,raw,"{""gain"": 0.5}",,,fine,1,1024,64,30,30,cosine,uniform,1,32,0,0.70250004529953,0.6940000057220459,0.03914284706115723,0.9298880408060984,0.008,0.5999999642372131,0.5833333134651184,0.6753333210945129,392.0,1.0,101376,0,0,,,,,,
imp_g1.0,imp,imp,bipolar,none,raw,"{""gain"": 1.0}",,,fine,1,1024,64,30,30,cosine,uniform,1,32,0,0.6916666626930237,0.6819999814033508,0.03670497238636017,0.9202164665797239,0.008,0.5793333053588867,0.5733333230018616,0.6639999747276306,392.0,1.0,101376,0,0,,,,,,
cotrain_fixedP,linear,gaussian,bipolar,none,cotrain,,,,fine,1,1024,128,30,30,cosine,uniform,1,32,0,0.7075000405311584,0.7093333005905151,0.1045747771859169,0.9738503303634121,0.651,0.6886666417121887,0.6986666321754456,0.7046666741371155,632.0,1.0,162816,798720,24704,1.0,128.0,,,,
cotrain_learnP,linear,gaussian,bipolar,none,cotrain,,,,fine,1,1024,128,30,30,cosine,uniform,1,32,0,0.6983333230018616,0.6840000152587891,0.1093243807554245,0.8951975391952598,0.622,0.6473333239555359,0.6759999990463257,0.687999963760376,632.0,1.0,162816,798720,24704,1.0,128.0,,,,
gaussian,linear,gaussian,bipolar,none,raw,,,,fine,2,1024,64,30,30,cosine,uniform,1,32,0,0.6800000071525574,0.7099999785423279,0.04239689186215401,0.9348585442244072,0.009,0.6053333282470703,0.6046666502952576,0.6919999718666077,376.0,1.0,97280,0,0,1.0,64.0,,,,
signrff_tuned,rff,rff,bipolar,none,raw,"{""bw_select"": ""val""}",,,fine,2,1024,64,30,30,cosine,uniform,1,32,0,0.6875,0.7053333520889282,0.011910799890756607,0.6044787375983226,0.035,0.5966666340827942,0.5933333039283752,0.5260000228881836,380.0,32.0,97280,0,0,,,,,,
learned_e10,learned,learned,bipolar,none,raw,"{""epochs"": 10}",,,fine,2,1024,64,30,30,cosine,uniform,1,32,0,0.71833336353302,0.7293333411216736,0.07649040967226028,0.703798513394966,0.065,0.6173333525657654,0.6173333525657654,0.7239999771118164,376.5,1.0,97408,0,0,,,,,,
learned_e40,learned,learned,bipolar,none,raw,"{""epochs"": 40}",,,fine,2,1024,64,30,30,cosine,uniform,1,32,0,0.7275000214576721,0.7353333234786987,0.08430957794189453,0.687349976715572,0.181,0.6259999871253967,0.6306666731834412,0.7286666631698608,376.5,1.0,97408,0,0,,,,,,
learned_e120,learned,learned,bipolar,none,raw,"{""epochs"": 120}",,,fine,2,1024,64,30,30,cosine,uniform,1,32,0,0.7133333683013916,0.7326666712760925,0.08491559326648712,0.6799623841233565,0.573,0.6380000114440918,0.6306666731834412,0.7279999852180481,376.5,1.0,97408,0,0,,,,,,
learned_init_rad,learned,learned,bipolar,none,raw,"{""epochs"": 60, ""init"": ""rademacher""}",,,fine,2,1024,64,30,30,cosine,uniform,1,32,0,0.7258333563804626,0.7333333492279053,0.08369903266429901,0.6822046986948961,0.267,0.6266666650772095,0.6286666393280029,0.7246666550636292,376.5,1.0,97408,0,0,,,,,,
learned_lr3e-3,learned,learned,bipolar,none,raw,"{""epochs"": 60, ""lr"": 0.003}",,,fine,2,1024,64,30,30,cosine,uniform,1,32,0,0.7150000333786011,0.7326666712760925,0.08143403381109238,0.6872416498135603,0.272,0.6299999952316284,0.6259999871253967,0.7286666631698608,376.5,1.0,97408,0,0,,,,,,
learned_lr3e-2,learned,learned,bipolar,none,raw,"{""epochs"": 60, ""lr"": 0.03}",,,fine,2,1024,64,30,30,cosine,uniform,1,32,0,0.7091667056083679,0.7366666793823242,0.08584793657064438,0.6925414988431271,0.279,0.6319999694824219,0.6380000114440918,0.7306666374206543,376.5,1.0,97408,0,0,,,,,,
datainformed_k1,datainformed,datainformed,bipolar,none,raw,"{""K"": 1}",,,fine,2,1024,64,30,30,cosine,uniform,1,32,0,0.6800000071525574,0.7099999785423279,0.04239689186215401,0.9348585442244072,0.009,0.6053333282470703,0.6046666502952576,0.6919999718666077,376.0,1.0,97280,0,0,,,,,,
datainformed_k4,datainformed,datainformed,bipolar,none,raw,"{""K"": 4}",,,fine,2,1024,64,30,30,cosine,uniform,1,32,0,0.6800000071525574,0.7099999785423279,0.04239689186215401,0.9348585442244072,0.011,0.6053333282470703,0.6046666502952576,0.6919999718666077,376.0,1.0,97280,0,0,,,,,,
datainformed_k16,datainformed,datainformed,bipolar,none,raw,"{""K"": 16}",,,fine,2,1024,64,30,30,cosine,uniform,1,32,0,0.6825000047683716,0.6800000071525574,0.03916839882731438,0.9373061729999816,0.021,0.6039999723434448,0.5899999737739563,0.6666666865348816,376.0,1.0,97280,0,0,,,,,,
datainformed_k64,datainformed,datainformed,bipolar,none,raw,"{""K"": 64}",,,fine,2,1024,64,30,30,cosine,uniform,1,32,0,0.6983333230018616,0.6859999895095825,0.039850179105997086,0.9357609433845546,0.06,0.6106666326522827,0.593999981880188,0.6793333292007446,376.0,1.0,97280,0,0,,,,,,
datainformed_k256,datainformed,datainformed,bipolar,none,raw,"{""K"": 256}",,,fine,2,1024,64,30,30,cosine,uniform,1,32,0,0.6933333277702332,0.7013333439826965,0.042153067886829376,0.9367725416675057,0.217,0.5966666340827942,0.6060000061988831,0.6913333535194397,376.0,1.0,97280,0,0,,,,,,
imp_g0.25,imp,imp,bipolar,none,raw,"{""gain"": 0.25}",,,fine,2,1024,64,30,30,cosine,uniform,1,32,0,0.6833333373069763,0.7093333005905151,0.042097143828868866,0.9340807102030454,0.008,0.6100000143051147,0.6033333539962769,0.6940000057220459,392.0,1.0,101376,0,0,,,,,,
imp_g0.5,imp,imp,bipolar,none,raw,"{""gain"": 0.5}",,,fine,2,1024,64,30,30,cosine,uniform,1,32,0,0.6924999952316284,0.70333331823349,0.04138825088739395,0.9319663949692859,0.008,0.6046666502952576,0.5986666679382324,0.6899999976158142,392.0,1.0,101376,0,0,,,,,,
imp_g1.0,imp,imp,bipolar,none,raw,"{""gain"": 1.0}",,,fine,2,1024,64,30,30,cosine,uniform,1,32,0,0.6858333349227905,0.6993333101272583,0.040267061442136765,0.9223520414349049,0.008,0.6186666488647461,0.5899999737739563,0.6779999732971191,392.0,1.0,101376,0,0,,,,,,
cotrain_fixedP,linear,gaussian,bipolar,none,cotrain,,,,fine,2,1024,128,30,30,cosine,uniform,1,32,0,0.6916666626930237,0.7066666483879089,0.10715720802545547,0.9757062748062751,0.68,0.6746666431427002,0.6959999799728394,0.7039999961853027,632.0,1.0,162816,798720,24704,1.0,128.0,,,,
cotrain_learnP,linear,gaussian,bipolar,none,cotrain,,,,fine,2,1024,128,30,30,cosine,uniform,1,32,0,0.6974999904632568,0.684666633605957,0.10944246500730515,0.8924160348955245,0.686,0.6420000195503235,0.6713333129882812,0.6786666512489319,632.0,1.0,162816,798720,24704,1.0,128.0,,,,
gaussian,linear,gaussian,bipolar,none,raw,,,,heavy_tail,0,1024,64,30,30,cosine,uniform,1,32,0,0.9433333277702332,0.9419999718666077,0.18024250864982605,0.9222786610402839,0.008,0.9239999651908875,0.8980000019073486,0.9399999976158142,376.0,1.0,97280,0,0,1.0,64.0,,,,
signrff_tuned,rff,rff,bipolar,none,raw,"{""bw_select"": ""val""}",,,heavy_tail,0,1024,64,30,30,cosine,uniform,1,32,0,0.9000000357627869,0.9200000166893005,0.07602231949567795,0.2403849980200068,0.026,0.9026666283607483,0.8726666569709778,0.8880000114440918,380.0,32.0,97280,0,0,,,,,,
learned_e10,learned,learned,bipolar,none,raw,"{""epochs"": 10}",,,heavy_tail,0,1024,64,30,30,cosine,uniform,1,32,0,0.9758333563804626,0.9666666388511658,0.2821693420410156,0.7849153929379397,0.057,0.9559999704360962,0.9359999895095825,0.9666666388511658,376.5,1.0,97408,0,0,,,,,,
learned_e40,learned,learned,bipolar,none,raw,"{""epochs"": 40}",,,heavy_tail,0,1024,64,30,30,cosine,uniform,1,32,0,0.9858333468437195,0.9760000109672546,0.31970497965812683,0.7607488842838699,0.202,0.9653333425521851,0.95333331823349,0.9766666293144226,376.5,1.0,97408,0,0,,,,,,
learned_e120,learned,learned,bipolar,none,raw,"{""epochs"": 120}",,,heavy_tail,0,1024,64,30,30,cosine,uniform,1,32,0,0.9908333420753479,0.9839999675750732,0.35223132371902466,0.7381811063200819,0.592,0.9779999852180481,0.9633333086967468,0.9833333492279053,376.5,1.0,97408,0,0,,,,,,
learned_init_rad,learned,learned,bipolar,none,raw,"{""epochs"": 60, ""init"": ""rademacher""}",,,heavy_tail,0,1024,64,30,30,cosine,uniform,1,32,0,0.9791666865348816,0.9726666808128357,0.3154442608356476,0.7509655205368805,0.299,0.9593333005905151,0.9440000057220459,0.972000002861023,376.5,1.0,97408,0,0,,,,,,
learned_lr3e-3,learned,learned,bipolar,none,raw,"{""epochs"": 60, ""lr"": 0.003}",,,heavy_tail,0,1024,64,30,30,cosine,uniform,1,32,0,0.9850000143051147,0.9726666808128357,0.3087725043296814,0.7687316754002576,0.3,0.9613333344459534,0.9519999623298645,0.9746666550636292,376.5,1.0,97408,0,0,,,,,,
learned_lr3e-2,learned,learned,bipolar,none,raw,"{""epochs"": 60, ""lr"": 0.03}",,,heavy_tail,0,1024,64,30,30,cosine,uniform,1,32,0,0.9850000143051147,0.9773333072662354,0.3292005956172943,0.7536515316521823,0.299,0.9699999690055847,0.9526666402816772,0.9773333072662354,376.5,1.0,97408,0,0,,,,,,
datainformed_k1,datainformed,datainformed,bipolar,none,raw,"{""K"": 1}",,,heavy_tail,0,1024,64,30,30,cosine,uniform,1,32,0,0.9433333277702332,0.9419999718666077,0.18024250864982605,0.9222786610402839,0.008,0.9239999651908875,0.8980000019073486,0.9399999976158142,376.0,1.0,97280,0,0,,,,,,
datainformed_k4,datainformed,datainformed,bipolar,none,raw,"{""K"": 4}",,,heavy_tail,0,1024,64,30,30,cosine,uniform,1,32,0,0.9433333277702332,0.9419999718666077,0.18024250864982605,0.9222786610402839,0.011,0.9239999651908875,0.8980000019073486,0.9399999976158142,376.0,1.0,97280,0,0,,,,,,
datainformed_k16,datainformed,datainformed,bipolar,none,raw,"{""K"": 16}",,,heavy_tail,0,1024,64,30,30,cosine,uniform,1,32,0,0.940833330154419,0.9473333358764648,0.18178898096084595,0.9220614641432342,0.02,0.9300000071525574,0.9053333401679993,0.9386666417121887,376.0,1.0,97280,0,0,,,,,,
datainformed_k64,datainformed,datainformed,bipolar,none,raw,"{""K"": 64}",,,heavy_tail,0,1024,64,30,30,cosine,uniform,1,32,0,0.940833330154419,0.9473333358764648,0.18178898096084595,0.9220614641432342,0.059,0.9300000071525574,0.9053333401679993,0.9386666417121887,376.0,1.0,97280,0,0,,,,,,
datainformed_k256,datainformed,datainformed,bipolar,none,raw,"{""K"": 256}",,,heavy_tail,0,1024,64,30,30,cosine,uniform,1,32,0,0.9516667127609253,0.9393333196640015,0.1831502616405487,0.9233237912720698,0.214,0.9273332953453064,0.903333306312561,0.940666675567627,376.0,1.0,97280,0,0,,,,,,
imp_g0.25,imp,imp,bipolar,none,raw,"{""gain"": 0.25}",,,heavy_tail,0,1024,64,30,30,cosine,uniform,1,32,0,0.9483333826065063,0.9399999976158142,0.1802106648683548,0.920234314622721,0.008,0.9273332953453064,0.8973333239555359,0.9366666674613953,392.0,1.0,101376,0,0,,,,,,
imp_g0.5,imp,imp,bipolar,none,raw,"{""gain"": 0.5}",,,heavy_tail,0,1024,64,30,30,cosine,uniform,1,32,0,0.9458333849906921,0.940666675567627,0.1789836883544922,0.914897929424184,0.008,0.9259999990463257,0.8973333239555359,0.9359999895095825,392.0,1.0,101376,0,0,,,,,,
imp_g1.0,imp,imp,bipolar,none,raw,"{""gain"": 1.0}",,,heavy_tail,0,1024,64,30,30,cosine,uniform,1,32,0,0.9375,0.937999963760376,0.1757044643163681,0.8937846575400298,0.008,0.9206666350364685,0.8993332982063293,0.9293333292007446,392.0,1.0,101376,0,0,,,,,,
cotrain_fixedP,linear,gaussian,bipolar,none,cotrain,,,,heavy_tail,0,1024,128,30,30,cosine,uniform,1,32,0,0.9533333778381348,0.9433333277702332,0.4016735851764679,0.9668880497553056,0.629,0.9246666431427002,0.937333345413208,0.9419999718666077,632.0,1.0,162816,798720,24704,1.0,128.0,,,,
cotrain_learnP,linear,gaussian,bipolar,none,cotrain,,,,heavy_tail,0,1024,128,30,30,cosine,uniform,1,32,0,0.9483333826065063,0.9399999976158142,0.40771499276161194,0.8850872713824254,0.625,0.9239999651908875,0.9353333115577698,0.940666675567627,632.0,1.0,162816,798720,24704,1.0,128.0,,,,
gaussian,linear,gaussian,bipolar,none,raw,,,,heavy_tail,1,1024,64,30,30,cosine,uniform,1,32,0,0.9375,0.9419999718666077,0.18601472675800323,0.924207390134281,0.008,0.9293333292007446,0.90666663646698,0.9353333115577698,376.0,1.0,97280,0,0,1.0,64.0,,,,
signrff_tuned,rff,rff,bipolar,none,raw,"{""bw_select"": ""val""}",,,heavy_tail,1,1024,64,30,30,cosine,uniform,1,32,0,0.909166693687439,0.9013333320617676,0.07397737354040146,0.23530403094284302,0.03,0.8933333158493042,0.8819999694824219,0.875333309173584,380.0,32.0,97280,0,0,,,,,,
learned_e10,learned,learned,bipolar,none,raw,"{""epochs"": 10}",,,heavy_tail,1,1024,64,30,30,cosine,uniform,1,32,0,0.9708333611488342,0.965999960899353,0.2847532629966736,0.7928853341093289,0.056,0.9593333005905151,0.9440000057220459,0.965999960899353,376.5,1.0,97408,0,0,,,,,,
learned_e40,learned,learned,bipolar,none,raw,"{""epochs"": 40}",,,heavy_tail,1,1024,64,30,30,cosine,uniform,1,32,0,0.9758333563804626,0.9760000109672546,0.31817206740379333,0.7686843302546054,0.17,0.9726666808128357,0.9580000042915344,0.9753333330154419,376.5,1.0,97408,0,0,,,,,,
learned_e120,learned,learned,bipolar,none,raw,"{""epochs"": 120}",,,heavy_tail,1,1024,64,30,30,cosine,uniform,1,32,0,0.9800000190734863,0.9860000014305115,0.3493765890598297,0.7475766124436366,0.553,0.9779999852180481,0.968666672706604,0.9833333492279053,376.5,1.0,97408,0,0,,,,,,
learned_init_rad,learned,learned,bipolar,none,raw,"{""epochs"": 60, ""init"": ""rademacher""}",,,heavy_tail,1,1024,64,30,30,cosine,uniform,1,32,0,0.9700000286102295,0.9726666808128357,0.3173074424266815,0.7612770835083504,0.26,0.9653333425521851,0.9459999799728394,0.9706666469573975,376.5,1.0,97408,0,0,,,,,,
learned_lr3e-3,learned,learned,bipolar,none,raw,"{""epochs"": 60, ""lr"": 0.003}",,,heavy_tail,1,1024,64,30,30,cosine,uniform,1,32,0,0.9750000238418579,0.9739999771118164,0.30872854590415955,0.7780154776452577,0.255,0.9679999947547913,0.9546666741371155,0.9753333330154419,376.5,1.0,97408,0,0,,,,,,
learned_lr3e-2,learned,learned,bipolar,none,raw,"{""epochs"": 60, ""lr"": 0.03}",,,heavy_tail,1,1024,64,30,30,cosine,uniform,1,32,0,0.9733333587646484,0.9766666293144226,0.32825782895088196,0.7629498395132271,0.295,0.9699999690055847,0.9586666822433472,0.9746666550636292,376.5,1.0,97408,0,0,,,,,,
datainformed_k1,datainformed,datainformed,bipolar,none,raw,"{""K"": 1}",,,heavy_tail,1,1024,64,30,30,cosine,uniform,1,32,0,0.9375,0.9419999718666077,0.18601472675800323,0.924207390134281,0.008,0.9293333292007446,0.90666663646698,0.9353333115577698,376.0,1.0,97280,0,0,,,,,,
datainformed_k4,datainformed,datainformed,bipolar,none,raw,"{""K"": 4}",,,heavy_tail,1,1024,64,30,30,cosine,uniform,1,32,0,0.9441666603088379,0.940666675567627,0.1873447597026825,0.9241381554173588,0.011,0.9326666593551636,0.9146666526794434,0.9413332939147949,376.0,1.0,97280,0,0,,,,,,
datainformed_k16,datainformed,datainformed,bipolar,none,raw,"{""K"": 16}",,,heavy_tail,1,1024,64,30,30,cosine,uniform,1,32,0,0.9383333325386047,0.9393333196640015,0.18420344591140747,0.926027622608271,0.021,0.9340000152587891,0.906000018119812,0.9340000152587891,376.0,1.0,97280,0,0,,,,,,
datainformed_k64,datainformed,datainformed,bipolar,none,raw,"{""K"": 64}",,,heavy_tail,1,1024,64,30,30,cosine,uniform,1,32,0,0.9399999976158142,0.9459999799728394,0.18490685522556305,0.9233840367290257,0.059,0.9366666674613953,0.909333348274231,0.9433333277702332,376.0,1.0,97280,0,0,,,,,,
datainformed_k256,datainformed,datainformed,bipolar,none,raw,"{""K"": 256}",,,heavy_tail,1,1024,64,30,30,cosine,uniform,1,32,0,0.9391666650772095,0.9433333277702332,0.18566597998142242,0.9237669462831377,0.215,0.9286666512489319,0.9173333048820496,0.937333345413208,376.0,1.0,97280,0,0,,,,,,
imp_g0.25,imp,imp,bipolar,none,raw,"{""gain"": 0.25}",,,heavy_tail,1,1024,64,30,30,cosine,uniform,1,32,0,0.9358333349227905,0.937999963760376,0.1853419542312622,0.9222454236576142,0.008,0.9259999990463257,0.9053333401679993,0.9333333373069763,392.0,1.0,101376,0,0,,,,,,
imp_g0.5,imp,imp,bipolar,none,raw,"{""gain"": 0.5}",,,heavy_tail,1,1024,64,30,30,cosine,uniform,1,32,0,0.9375,0.937333345413208,0.18405459821224213,0.9164826540148453,0.008,0.9279999732971191,0.9053333401679993,0.9306666851043701,392.0,1.0,101376,0,0,,,,,,
imp_g1.0,imp,imp,bipolar,none,raw,"{""gain"": 1.0}",,,heavy_tail,1,1024,64,30,30,cosine,uniform,1,32,0,0.9350000023841858,0.9333333373069763,0.18074214458465576,0.8937643293209294,0.008,0.9226666688919067,0.8946666717529297,0.9293333292007446,392.0,1.0,101376,0,0,,,,,,
cotrain_fixedP,linear,gaussian,bipolar,none,cotrain,,,,heavy_tail,1,1024,128,30,30,cosine,uniform,1,32,0,0.9458333849906921,0.9486666321754456,0.40781936049461365,0.9621783695721563,0.674,0.937999963760376,0.9480000138282776,0.949999988079071,632.0,1.0,162816,798720,24704,1.0,128.0,,,,
cotrain_learnP,linear,gaussian,bipolar,none,cotrain,,,,heavy_tail,1,1024,128,30,30,cosine,uniform,1,32,0,0.9500000476837158,0.9493333101272583,0.42149755358695984,0.902238852203615,0.693,0.937999963760376,0.9473333358764648,0.9480000138282776,632.0,1.0,162816,798720,24704,1.0,128.0,,,,
gaussian,linear,gaussian,bipolar,none,raw,,,,heavy_tail,2,1024,64,30,30,cosine,uniform,1,32,0,0.9450000524520874,0.9326666593551636,0.18081653118133545,0.9206354768256666,0.008,0.9226666688919067,0.8980000019073486,0.9279999732971191,376.0,1.0,97280,0,0,1.0,64.0,,,,
signrff_tuned,rff,rff,bipolar,none,raw,"{""bw_select"": ""val""}",,,heavy_tail,2,1024,64,30,30,cosine,uniform,1,32,0,0.9133333563804626,0.8959999680519104,0.0740630254149437,0.21561190092096164,0.026,0.8806666731834412,0.8666666746139526,0.8633333444595337,380.0,32.0,97280,0,0,,,,,,
learned_e10,learned,learned,bipolar,none,raw,"{""epochs"": 10}",,,heavy_tail,2,1024,64,30,30,cosine,uniform,1,32,0,0.9691666960716248,0.9586666822433472,0.2768718898296356,0.7876854196384601,0.057,0.9546666741371155,0.9326666593551636,0.9559999704360962,376.5,1.0,97408,0,0,,,,,,
learned_e40,learned,learned,bipolar,none,raw,"{""epochs"": 40}",,,heavy_tail,2,1024,64,30,30,cosine,uniform,1,32,0,0.9758333563804626,0.9693333506584167,0.3130553364753723,0.7637925638408618,0.203,0.9620000123977661,0.9473333358764648,0.9653333425521851,376.5,1.0,97408,0,0,,,,,,
learned_e120,learned,learned,bipolar,none,raw,"{""epochs"": 120}",,,heavy_tail,2,1024,64,30,30,cosine,uniform,1,32,0,0.9858333468437195,0.9819999933242798,0.34734219312667847,0.7403318827786335,0.594,0.972000002861023,0.9559999704360962,0.9793333411216736,376.5,1.0,97408,0,0,,,,,,
learned_init_rad,learned,learned,bipolar,none,raw,"{""epochs"": 60, ""init"": ""rademacher""}",,,heavy_tail,2,1024,64,30,30,cosine,uniform,1,32,0,0.96833336353302,0.9633333086967468,0.3107021152973175,0.7545799209839013,0.302,0.9586666822433472,0.9386666417121887,0.9639999866485596,376.5,1.0,97408,0,0,,,,,,
learned_lr3e-3,learned,learned,bipolar,none,raw,"{""epochs"": 60, ""lr"": 0.003}",,,heavy_tail,2,1024,64,30,30,cosine,uniform,1,32,0,0.9741666913032532,0.9693333506584167,0.30249911546707153,0.771438625713393,0.303,0.9586666822433472,0.9453333020210266,0.9679999947547913,376.5,1.0,97408,0,0,,,,,,
learned_lr3e-2,learned,learned,bipolar,none,raw,"{""epochs"": 60, ""lr"": 0.03}",,,heavy_tail,2,1024,64,30,30,cosine,uniform,1,32,0,0.9775000214576721,0.9726666808128357,0.3233337700366974,0.7572395807396882,0.3,0.9633333086967468,0.9486666321754456,0.9706666469573975,376.5,1.0,97408,0,0,,,,,,
datainformed_k1,datainformed,datainformed,bipolar,none,raw,"{""K"": 1}",,,heavy_tail,2,1024,64,30,30,cosine,uniform,1,32,0,0.9450000524520874,0.9326666593551636,0.18081653118133545,0.9206354768256666,0.008,0.9226666688919067,0.8980000019073486,0.9279999732971191,376.0,1.0,97280,0,0,,,,,,
datainformed_k4,datainformed,datainformed,bipolar,none,raw,"{""K"": 4}",,,heavy_tail,2,1024,64,30,30,cosine,uniform,1,32,0,0.9416666626930237,0.9340000152587891,0.18259760737419128,0.9225499047081956,0.011,0.9273332953453064,0.9026666283607483,0.9306666851043701,376.0,1.0,97280,0,0,,,,,,
datainformed_k16,datainformed,datainformed,bipolar,none,raw,"{""K"": 16}",,,heavy_tail,2,1024,64,30,30,cosine,uniform,1,32,0,0.9399999976158142,0.9306666851043701,0.18076403439044952,0.9192171645978033,0.02,0.9246666431427002,0.8953333497047424,0.9279999732971191,376.0,1.0,97280,0,0,,,,,,
datainformed_k64,datainformed,datainformed,bipolar,none,raw,"{""K"": 64}",,,heavy_tail,2,1024,64,30,30,cosine,uniform,1,32,0,0.9358333349227905,0.9353333115577698,0.18374516069889069,0.9207350954259969,0.059,0.9259999990463257,0.906000018119812,0.9353333115577698,376.0,1.0,97280,0,0,,,,,,
datainformed_k256,datainformed,datainformed,bipolar,none,raw,"{""K"": 256}",,,heavy_tail,2,1024,64,30,30,cosine,uniform,1,32,0,0.9475000500679016,0.9340000152587891,0.18336091935634613,0.9232013186333555,0.215,0.9326666593551636,0.9046666622161865,0.934666633605957,376.0,1.0,97280,0,0,,,,,,
imp_g0.25,imp,imp,bipolar,none,raw,"{""gain"": 0.25}",,,heavy_tail,2,1024,64,30,30,cosine,uniform,1,32,0,0.9424999952316284,0.9293333292007446,0.18048173189163208,0.9183557821517785,0.008,0.9200000166893005,0.8999999761581421,0.9266666769981384,392.0,1.0,101376,0,0,,,,,,
imp_g0.5,imp,imp,bipolar,none,raw,"{""gain"": 0.5}",,,heavy_tail,2,1024,64,30,30,cosine,uniform,1,32,0,0.9433333277702332,0.9306666851043701,0.17954270541667938,0.9114523249050662,0.008,0.9226666688919067,0.8986666798591614,0.9246666431427002,392.0,1.0,101376,0,0,,,,,,
imp_g1.0,imp,imp,bipolar,none,raw,"{""gain"": 1.0}",,,heavy_tail,2,1024,64,30,30,cosine,uniform,1,32,0,0.9383333325386047,0.9273332953453064,0.17649829387664795,0.8885459846849808,0.008,0.9160000085830688,0.8946666717529297,0.9226666688919067,392.0,1.0,101376,0,0,,,,,,
cotrain_fixedP,linear,gaussian,bipolar,none,cotrain,,,,heavy_tail,2,1024,128,30,30,cosine,uniform,1,32,0,0.9450000524520874,0.940666675567627,0.3988907039165497,0.9670780705089386,0.676,0.9259999990463257,0.9326666593551636,0.940666675567627,632.0,1.0,162816,798720,24704,1.0,128.0,,,,
cotrain_learnP,linear,gaussian,bipolar,none,cotrain,,,,heavy_tail,2,1024,128,30,30,cosine,uniform,1,32,0,0.9433333277702332,0.940666675567627,0.4095516800880432,0.8929488962384919,0.692,0.9239999651908875,0.9279999732971191,0.9393333196640015,632.0,1.0,162816,798720,24704,1.0,128.0,,,,
gaussian,linear,gaussian,bipolar,none,raw,,,,xor,0,1024,64,4,30,cosine,uniform,1,32,0,0.2549999952316284,0.25,-0.04079288989305496,0.9705496810649141,0.005,0.2458333522081375,0.23750001192092896,0.2666666805744171,272.0,1.0,70656,0,0,1.0,64.0,,,,
signrff_tuned,rff,rff,bipolar,none,raw,"{""bw_select"": ""val""}",,,xor,0,1024,64,4,30,cosine,uniform,1,32,0,0.3700000047683716,0.3708333671092987,-0.011184719391167164,0.595471681144577,0.011,0.3500000238418579,0.3708333671092987,0.3708333671092987,276.0,32.0,70656,0,0,,,,,,
learned_e10,learned,learned,bipolar,none,raw,"{""epochs"": 10}",,,xor,0,1024,64,4,30,cosine,uniform,1,32,0,0.2800000011920929,0.25416669249534607,-0.035209886729717255,0.912980563515749,0.017,0.30000001192092896,0.26250001788139343,0.2750000059604645,272.5,1.0,70784,0,0,,,,,,
learned_e40,learned,learned,bipolar,none,raw,"{""epochs"": 40}",,,xor,0,1024,64,4,30,cosine,uniform,1,32,0,0.28999999165534973,0.25416669249534607,-0.04748891666531563,0.9289044967928206,0.048,0.2708333432674408,0.25833335518836975,0.24166667461395264,272.5,1.0,70784,0,0,,,,,,
learned_e120,learned,learned,bipolar,none,raw,"{""epochs"": 120}",,,xor,0,1024,64,4,30,cosine,uniform,1,32,0,0.3199999928474426,0.2458333522081375,-0.07054561376571655,0.9214023206165978,0.134,0.26250001788139343,0.22083334624767303,0.25416669249534607,272.5,1.0,70784,0,0,,,,,,
learned_init_rad,learned,learned,bipolar,none,raw,"{""epochs"": 60, ""init"": ""rademacher""}",,,xor,0,1024,64,4,30,cosine,uniform,1,32,0,0.29999998211860657,0.24166667461395264,-0.06257082521915436,0.924805687043732,0.069,0.23750001192092896,0.2458333522081375,0.2458333522081375,272.5,1.0,70784,0,0,,,,,,
learned_lr3e-3,learned,learned,bipolar,none,raw,"{""epochs"": 60, ""lr"": 0.003}",,,xor,0,1024,64,4,30,cosine,uniform,1,32,0,0.26499998569488525,0.2708333432674408,-0.0441867969930172,0.9419177313089859,0.064,0.2666666805744171,0.24166667461395264,0.2666666805744171,272.5,1.0,70784,0,0,,,,,,
learned_lr3e-2,learned,learned,bipolar,none,raw,"{""epochs"": 60, ""lr"": 0.03}",,,xor,0,1024,64,4,30,cosine,uniform,1,32,0,0.28999999165534973,0.25,-0.07094460725784302,0.9130036232588169,0.062,0.25833335518836975,0.2291666716337204,0.23750001192092896,272.5,1.0,70784,0,0,,,,,,
datainformed_k1,datainformed,datainformed,bipolar,none,raw,"{""K"": 1}",,,xor,0,1024,64,4,30,cosine,uniform,1,32,0,0.2549999952316284,0.25,-0.04079288989305496,0.9705496810649141,0.005,0.2458333522081375,0.23750001192092896,0.2666666805744171,272.0,1.0,70656,0,0,,,,,,
datainformed_k4,datainformed,datainformed,bipolar,none,raw,"{""K"": 4}",,,xor,0,1024,64,4,30,cosine,uniform,1,32,0,0.3149999976158142,0.2708333432674408,-0.0357210747897625,0.968642482685954,0.007,0.26250001788139343,0.2708333432674408,0.28333336114883423,272.0,1.0,70656,0,0,,,,,,
datainformed_k16,datainformed,datainformed,bipolar,none,raw,"{""K"": 16}",,,xor,0,1024,64,4,30,cosine,uniform,1,32,0,0.25999999046325684,0.25,-0.034818749874830246,0.9714490906534738,0.016,0.2708333432674408,0.2750000059604645,0.2291666716337204,272.0,1.0,70656,0,0,,,,,,
datainformed_k64,datainformed,datainformed,bipolar,none,raw,"{""K"": 64}",,,xor,0,1024,64,4,30,cosine,uniform,1,32,0,0.2849999964237213,0.22500000894069672,-0.04092928767204285,0.971990398971369,0.053,0.25416669249534607,0.22500000894069672,0.2458333522081375,272.0,1.0,70656,0,0,,,,,,
datainformed_k256,datainformed,datainformed,bipolar,none,raw,"{""K"": 256}",,,xor,0,1024,64,4,30,cosine,uniform,1,32,0,0.3199999928474426,0.26250001788139343,-0.036304403096437454,0.9693800296005608,0.199,0.25,0.2458333522081375,0.24166667461395264,272.0,1.0,70656,0,0,,,,,,
imp_g0.25,imp,imp,bipolar,none,raw,"{""gain"": 0.25}",,,xor,0,1024,64,4,30,cosine,uniform,1,32,0,0.25,0.19583334028720856,-0.046080783009529114,0.9702876069629134,0.005,0.2083333432674408,0.2083333432674408,0.21250000596046448,288.0,1.0,74752,0,0,,,,,,
imp_g0.5,imp,imp,bipolar,none,raw,"{""gain"": 0.5}",,,xor,0,1024,64,4,30,cosine,uniform,1,32,0,0.20499999821186066,0.2458333522081375,-0.03149956092238426,0.9701020839747028,0.005,0.23750001192092896,0.26250001788139343,0.2708333432674408,288.0,1.0,74752,0,0,,,,,,
imp_g1.0,imp,imp,bipolar,none,raw,"{""gain"": 1.0}",,,xor,0,1024,64,4,30,cosine,uniform,1,32,0,0.20999999344348907,0.22083334624767303,-0.036339957267045975,0.9677057623674674,0.005,0.22500000894069672,0.2458333522081375,0.24166667461395264,288.0,1.0,74752,0,0,,,,,,
cotrain_fixedP,linear,gaussian,bipolar,none,cotrain,,,,xor,0,1024,128,4,30,cosine,uniform,1,32,0,0.5450000166893005,0.5291666984558105,0.010407635010778904,0.9972372873985802,0.157,0.5208333730697632,0.5333333611488342,0.5333333611488342,528.0,1.0,136192,798720,24704,1.0,128.0,,,,
cotrain_learnP,linear,gaussian,bipolar,none,cotrain,,,,xor,0,1024,128,4,30,cosine,uniform,1,32,0,0.5099999904632568,0.4833333492279053,-0.036042071878910065,0.8868693113413322,0.159,0.5083333849906921,0.4833333492279053,0.48750001192092896,528.0,1.0,136192,798720,24704,1.0,128.0,,,,
gaussian,linear,gaussian,bipolar,none,raw,,,,xor,1,1024,64,4,30,cosine,uniform,1,32,0,0.23999999463558197,0.2708333432674408,-0.03359637036919594,0.971931543665596,0.005,0.27916666865348816,0.3083333373069763,0.2875000238418579,272.0,1.0,70656,0,0,1.0,64.0,,,,
signrff_tuned,rff,rff,bipolar,none,raw,"{""bw_select"": ""val""}",,,xor,1,1024,64,4,30,cosine,uniform,1,32,0,0.5049999952316284,0.37916669249534607,-0.013624574057757854,0.5678626008221815,0.011,0.3333333432674408,0.3541666865348816,0.36250001192092896,276.0,32.0,70656,0,0,,,,,,
learned_e10,learned,learned,bipolar,none,raw,"{""epochs"": 10}",,,xor,1,1024,64,4,30,cosine,uniform,1,32,0,0.1899999976158142,0.26250001788139343,-0.03479253500699997,0.919893347540812,0.016,0.28333336114883423,0.25,0.25,272.5,1.0,70784,0,0,,,,,,
learned_e40,learned,learned,bipolar,none,raw,"{""epochs"": 40}",,,xor,1,1024,64,4,30,cosine,uniform,1,32,0,0.2549999952316284,0.2291666716337204,-0.05587845295667648,0.9386143056628908,0.048,0.26250001788139343,0.28333336114883423,0.23750001192092896,272.5,1.0,70784,0,0,,,,,,
learned_e120,learned,learned,bipolar,none,raw,"{""epochs"": 120}",,,xor,1,1024,64,4,30,cosine,uniform,1,32,0,0.2549999952316284,0.2458333522081375,-0.06732425093650818,0.9318677163139225,0.137,0.25416669249534607,0.2458333522081375,0.2750000059604645,272.5,1.0,70784,0,0,,,,,,
learned_init_rad,learned,learned,bipolar,none,raw,"{""epochs"": 60, ""init"": ""rademacher""}",,,xor,1,1024,64,4,30,cosine,uniform,1,32,0,0.25,0.20000001788139343,-0.06438960134983063,0.9322158884451429,0.07,0.26250001788139343,0.23333334922790527,0.20000001788139343,272.5,1.0,70784,0,0,,,,,,
learned_lr3e-3,learned,learned,bipolar,none,raw,"{""epochs"": 60, ""lr"": 0.003}",,,xor,1,1024,64,4,30,cosine,uniform,1,32,0,0.23499999940395355,0.23750001192092896,-0.04726174846291542,0.9490773205508327,0.07,0.2750000059604645,0.25416669249534607,0.25,272.5,1.0,70784,0,0,,,,,,
learned_lr3e-2,learned,learned,bipolar,none,raw,"{""epochs"": 60, ""lr"": 0.03}",,,xor,1,1024,64,4,30,cosine,uniform,1,32,0,0.25,0.19583334028720856,-0.07059483230113983,0.9152326841099142,0.069,0.2291666716337204,0.1875000149011612,0.2458333522081375,272.5,1.0,70784,0,0,,,,,,
datainformed_k1,datainformed,datainformed,bipolar,none,raw,"{""K"": 1}",,,xor,1,1024,64,4,30,cosine,uniform,1,32,0,0.23999999463558197,0.2708333432674408,-0.03359637036919594,0.971931543665596,0.005,0.27916666865348816,0.3083333373069763,0.2875000238418579,272.0,1.0,70656,0,0,,,,,,
datainformed_k4,datainformed,datainformed,bipolar,none,raw,"{""K"": 4}",,,xor,1,1024,64,4,30,cosine,uniform,1,32,0,0.2449999898672104,0.32083335518836975,-0.028483238071203232,0.9737164018599469,0.007,0.2916666865348816,0.2708333432674408,0.30416667461395264,272.0,1.0,70656,0,0,,,,,,
datainformed_k16,datainformed,datainformed,bipolar,none,raw,"{""K"": 16}",,,xor,1,1024,64,4,30,cosine,uniform,1,32,0,0.2449999898672104,0.32083335518836975,-0.028483238071203232,0.9737164018599469,0.017,0.2916666865348816,0.2708333432674408,0.30416667461395264,272.0,1.0,70656,0,0,,,,,,
datainformed_k64,datainformed,datainformed,bipolar,none,raw,"{""K"": 64}",,,xor,1,1024,64,4,30,cosine,uniform,1,32,0,0.29999998211860657,0.27916666865348816,-0.040695324540138245,0.9750005524499648,0.053,0.22500000894069672,0.2750000059604645,0.25833335518836975,272.0,1.0,70656,0,0,,,,,,
datainformed_k256,datainformed,datainformed,bipolar,none,raw,"{""K"": 256}",,,xor,1,1024,64,4,30,cosine,uniform,1,32,0,0.2149999886751175,0.26250001788139343,-0.0401117280125618,0.973498899042571,0.199,0.23333334922790527,0.2666666805744171,0.2708333432674408,272.0,1.0,70656,0,0,,,,,,
imp_g0.25,imp,imp,bipolar,none,raw,"{""gain"": 0.25}",,,xor,1,1024,64,4,30,cosine,uniform,1,32,0,0.29999998211860657,0.32083335518836975,-0.035299818962812424,0.9716698668401196,0.005,0.2750000059604645,0.32500001788139343,0.3125000298023224,288.0,1.0,74752,0,0,,,,,,
imp_g0.5,imp,imp,bipolar,none,raw,"{""gain"": 0.5}",,,xor,1,1024,64,4,30,cosine,uniform,1,32,0,0.28999999165534973,0.30000001192092896,-0.037023864686489105,0.9714549340407163,0.005,0.2958333492279053,0.2666666805744171,0.2666666805744171,288.0,1.0,74752,0,0,,,,,,
imp_g1.0,imp,imp,bipolar,none,raw,"{""gain"": 1.0}",,,xor,1,1024,64,4,30,cosine,uniform,1,32,0,0.2549999952316284,0.3125000298023224,-0.03436928987503052,0.9692302275998229,0.005,0.3125000298023224,0.2875000238418579,0.2916666865348816,288.0,1.0,74752,0,0,,,,,,
cotrain_fixedP,linear,gaussian,bipolar,none,cotrain,,,,xor,1,1024,128,4,30,cosine,uniform,1,32,0,0.5349999666213989,0.5208333730697632,-0.02166133187711239,0.9972900015074793,0.157,0.5208333730697632,0.5125000476837158,0.5166667103767395,528.0,1.0,136192,798720,24704,1.0,128.0,,,,
cotrain_learnP,linear,gaussian,bipolar,none,cotrain,,,,xor,1,1024,128,4,30,cosine,uniform,1,32,0,0.5600000023841858,0.46666669845581055,-0.06516210734844208,0.910342105591977,0.159,0.4541666805744171,0.46250003576278687,0.46250003576278687,528.0,1.0,136192,798720,24704,1.0,128.0,,,,
gaussian,linear,gaussian,bipolar,none,raw,,,,xor,2,1024,64,4,30,cosine,uniform,1,32,0,0.2849999964237213,0.2708333432674408,-0.02800070121884346,0.9731025124901694,0.005,0.28333336114883423,0.2708333432674408,0.2916666865348816,272.0,1.0,70656,0,0,1.0,64.0,,,,
signrff_tuned,rff,rff,bipolar,none,raw,"{""bw_select"": ""val""}",,,xor,2,1024,64,4,30,cosine,uniform,1,32,0,0.3799999952316284,0.4208333492279053,-0.01551838032901287,0.6095707974617838,0.011,0.34583336114883423,0.38333335518836975,0.40000003576278687,276.0,32.0,70656,0,0,,,,,,
learned_e10,learned,learned,bipolar,none,raw,"{""epochs"": 10}",,,xor,2,1024,64,4,30,cosine,uniform,1,32,0,0.26999998092651367,0.23750001192092896,-0.03516079857945442,0.9199041274787858,0.016,0.25,0.2291666716337204,0.24166667461395264,272.5,1.0,70784,0,0,,,,,,
learned_e40,learned,learned,bipolar,none,raw,"{""epochs"": 40}",,,xor,2,1024,64,4,30,cosine,uniform,1,32,0,0.2449999898672104,0.23750001192092896,-0.04410387948155403,0.9369554442591131,0.048,0.25416669249534607,0.2458333522081375,0.21666668355464935,272.5,1.0,70784,0,0,,,,,,
learned_e120,learned,learned,bipolar,none,raw,"{""epochs"": 120}",,,xor,2,1024,64,4,30,cosine,uniform,1,32,0,0.25,0.22083334624767303,-0.06864874064922333,0.9314522482863553,0.135,0.22083334624767303,0.25416669249534607,0.22500000894069672,272.5,1.0,70784,0,0,,,,,,
learned_init_rad,learned,learned,bipolar,none,raw,"{""epochs"": 60, ""init"": ""rademacher""}",,,xor,2,1024,64,4,30,cosine,uniform,1,32,0,0.32499998807907104,0.25833335518836975,-0.059943728148937225,0.9355303944798211,0.069,0.25416669249534607,0.21666668355464935,0.24166667461395264,272.5,1.0,70784,0,0,,,,,,
learned_lr3e-3,learned,learned,bipolar,none,raw,"{""epochs"": 60, ""lr"": 0.003}",,,xor,2,1024,64,4,30,cosine,uniform,1,32,0,0.2549999952316284,0.2291666716337204,-0.03912677243351936,0.949567579415387,0.07,0.25833335518836975,0.24166667461395264,0.2291666716337204,272.5,1.0,70784,0,0,,,,,,
learned_lr3e-2,learned,learned,bipolar,none,raw,"{""epochs"": 60, ""lr"": 0.03}",,,xor,2,1024,64,4,30,cosine,uniform,1,32,0,0.26999998092651367,0.1875000149011612,-0.07484689354896545,0.9176753556657298,0.069,0.23333334922790527,0.21250000596046448,0.1875000149011612,272.5,1.0,70784,0,0,,,,,,
datainformed_k1,datainformed,datainformed,bipolar,none,raw,"{""K"": 1}",,,xor,2,1024,64,4,30,cosine,uniform,1,32,0,0.2849999964237213,0.2708333432674408,-0.02800070121884346,0.9731025124901694,0.005,0.28333336114883423,0.2708333432674408,0.2916666865348816,272.0,1.0,70656,0,0,,,,,,
datainformed_k4,datainformed,datainformed,bipolar,none,raw,"{""K"": 4}",,,xor,2,1024,64,4,30,cosine,uniform,1,32,0,0.2849999964237213,0.2708333432674408,-0.02800070121884346,0.9731025124901694,0.007,0.28333336114883423,0.2708333432674408,0.2916666865348816,272.0,1.0,70656,0,0,,,,,,
datainformed_k16,datainformed,datainformed,bipolar,none,raw,"{""K"": 16}",,,xor,2,1024,64,4,30,cosine,uniform,1,32,0,0.2750000059604645,0.26250001788139343,-0.03836801275610924,0.9749142859080384,0.017,0.23750001192092896,0.25833335518836975,0.25833335518836975,272.0,1.0,70656,0,0,,,,,,
datainformed_k64,datainformed,datainformed,bipolar,none,raw,"{""K"": 64}",,,xor,2,1024,64,4,30,cosine,uniform,1,32,0,0.3050000071525574,0.2708333432674408,-0.03259260207414627,0.9723396337077402,0.053,0.23750001192092896,0.25833335518836975,0.2666666805744171,272.0,1.0,70656,0,0,,,,,,
datainformed_k256,datainformed,datainformed,bipolar,none,raw,"{""K"": 256}",,,xor,2,1024,64,4,30,cosine,uniform,1,32,0,0.3050000071525574,0.2708333432674408,-0.03259260207414627,0.9723396337077402,0.197,0.23750001192092896,0.25833335518836975,0.2666666805744171,272.0,1.0,70656,0,0,,,,,,
imp_g0.25,imp,imp,bipolar,none,raw,"{""gain"": 0.25}",,,xor,2,1024,64,4,30,cosine,uniform,1,32,0,0.23999999463558197,0.26250001788139343,-0.028000326827168465,0.973089383974022,0.005,0.2708333432674408,0.2291666716337204,0.2916666865348816,288.0,1.0,74752,0,0,,,,,,
imp_g0.5,imp,imp,bipolar,none,raw,"{""gain"": 0.5}",,,xor,2,1024,64,4,30,cosine,uniform,1,32,0,0.22999998927116394,0.30416667461395264,-0.028869954869151115,0.9728865752879582,0.005,0.30416667461395264,0.28333336114883423,0.3375000059604645,288.0,1.0,74752,0,0,,,,,,
imp_g1.0,imp,imp,bipolar,none,raw,"{""gain"": 1.0}",,,xor,2,1024,64,4,30,cosine,uniform,1,32,0,0.2849999964237213,0.2875000238418579,-0.02842128463089466,0.9705267405276329,0.005,0.2875000238418579,0.28333336114883423,0.2958333492279053,288.0,1.0,74752,0,0,,,,,,
cotrain_fixedP,linear,gaussian,bipolar,none,cotrain,,,,xor,2,1024,128,4,30,cosine,uniform,1,32,0,0.45499998331069946,0.4791666865348816,-0.06012105941772461,0.9973726979573928,0.157,0.4791666865348816,0.4958333671092987,0.47083336114883423,528.0,1.0,136192,798720,24704,1.0,128.0,,,,
cotrain_learnP,linear,gaussian,bipolar,none,cotrain,,,,xor,2,1024,128,4,30,cosine,uniform,1,32,0,0.41999998688697815,0.4750000238418579,-0.09705593436956406,0.8952608415195453,0.159,0.42916667461395264,0.48750001192092896,0.4833333492279053,528.0,1.0,136192,798720,24704,1.0,128.0,,,,
gaussian,linear,gaussian,bipolar,none,raw,,,,shift,0,1024,64,30,30,cosine,uniform,1,32,0,0.9950000047683716,0.9926666617393494,0.2523500323295593,0.9389883125250222,0.013,0.981333315372467,0.9746666550636292,0.9926666617393494,376.0,1.0,97280,0,0,1.0,64.0,0.9146666526794434,0.14865370094776154,0.6553333401679993,0.4726666510105133
signrff_tuned,rff,rff,bipolar,none,raw,"{""bw_select"": ""val""}",,,shift,0,1024,64,30,30,cosine,uniform,1,32,0,0.9958333373069763,0.9946666359901428,0.13805919885635376,0.656032741500568,0.03,0.9819999933242798,0.9706666469573975,0.9873332977294922,380.0,32.0,97280,0,0,,,0.918666660785675,0.07048854231834412,0.4880000054836273,0.09799999743700027
learned_e10,learned,learned,bipolar,none,raw,"{""epochs"": 10}",,,shift,0,1024,64,30,30,cosine,uniform,1,32,0,0.996666669845581,0.996666669845581,0.3800140619277954,0.7443870944747204,0.056,0.9886666536331177,0.9826666712760925,0.996666669845581,376.5,1.0,97408,0,0,,,0.9466666579246521,0.23047305643558502,0.6486666798591614,0.38866665959358215
learned_e40,learned,learned,bipolar,none,raw,"{""epochs"": 40}",,,shift,0,1024,64,30,30,cosine,uniform,1,32,0,0.9975000023841858,0.996666669845581,0.41381484270095825,0.7179938872161373,0.203,0.9886666536331177,0.9819999933242798,0.9959999918937683,376.5,1.0,97408,0,0,,,0.9459999799728394,0.2462650090456009,0.637333333492279,0.36533331871032715
learned_e120,learned,learned,bipolar,none,raw,"{""epochs"": 120}",,,shift,0,1024,64,30,30,cosine,uniform,1,32,0,0.9983333349227905,0.9953333139419556,0.44136491417884827,0.6990334797796182,0.594,0.9873332977294922,0.9819999933242798,0.9953333139419556,376.5,1.0,97408,0,0,,,0.9419999718666077,0.25622227787971497,0.6073333024978638,0.3373333215713501
learned_init_rad,learned,learned,bipolar,none,raw,"{""epochs"": 60, ""init"": ""rademacher""}",,,shift,0,1024,64,30,30,cosine,uniform,1,32,0,0.996666669845581,0.996666669845581,0.42423102259635925,0.7075933151403783,0.302,0.9860000014305115,0.981333315372467,0.9973333477973938,376.5,1.0,97408,0,0,,,0.9399999976158142,0.24492627382278442,0.6053333282470703,0.335999995470047
learned_lr3e-3,learned,learned,bipolar,none,raw,"{""epochs"": 60, ""lr"": 0.003}",,,shift,0,1024,64,30,30,cosine,uniform,1,32,0,0.9983333349227905,0.996666669845581,0.4056469798088074,0.7284659913909813,0.301,0.9893333315849304,0.9853333234786987,0.996666669845581,376.5,1.0,97408,0,0,,,0.9473333358764648,0.2410030961036682,0.621999979019165,0.3499999940395355
learned_lr3e-2,learned,learned,bipolar,none,raw,"{""epochs"": 60, ""lr"": 0.03}",,,shift,0,1024,64,30,30,cosine,uniform,1,32,0,0.9983333349227905,0.9973333477973938,0.423289954662323,0.7121726118167877,0.3,0.9866666793823242,0.9853333234786987,0.996666669845581,376.5,1.0,97408,0,0,,,0.9480000138282776,0.254094660282135,0.659333348274231,0.4013333320617676
datainformed_k1,datainformed,datainformed,bipolar,none,raw,"{""K"": 1}",,,shift,0,1024,64,30,30,cosine,uniform,1,32,0,0.9950000047683716,0.9926666617393494,0.2523500323295593,0.9389883125250222,0.007,0.981333315372467,0.9746666550636292,0.9926666617393494,376.0,1.0,97280,0,0,,,0.9146666526794434,0.14865370094776154,0.6553333401679993,0.4726666510105133
datainformed_k4,datainformed,datainformed,bipolar,none,raw,"{""K"": 4}",,,shift,0,1024,64,30,30,cosine,uniform,1,32,0,0.9950000047683716,0.9919999837875366,0.25198572874069214,0.9397301443975552,0.009,0.9766666293144226,0.9806666374206543,0.9919999837875366,376.0,1.0,97280,0,0,,,0.9359999895095825,0.1572950929403305,0.6739999651908875,0.5
datainformed_k16,datainformed,datainformed,bipolar,none,raw,"{""K"": 16}",,,shift,0,1024,64,30,30,cosine,uniform,1,32,0,0.9941666722297668,0.9946666359901428,0.2516322135925293,0.937530604755979,0.019,0.981333315372467,0.9766666293144226,0.9933333396911621,376.0,1.0,97280,0,0,,,0.9279999732971191,0.15375378727912903,0.653333306312561,0.4619999825954437
datainformed_k64,datainformed,datainformed,bipolar,none,raw,"{""K"": 64}",,,shift,0,1024,64,30,30,cosine,uniform,1,32,0,0.9941666722297668,0.9946666359901428,0.2516322135925293,0.937530604755979,0.058,0.981333315372467,0.9766666293144226,0.9933333396911621,376.0,1.0,97280,0,0,,,0.9279999732971191,0.15375378727912903,0.653333306312561,0.4619999825954437
datainformed_k256,datainformed,datainformed,bipolar,none,raw,"{""K"": 256}",,,shift,0,1024,64,30,30,cosine,uniform,1,32,0,0.9941666722297668,0.9959999918937683,0.25283917784690857,0.9359314246659878,0.214,0.9826666712760925,0.9793333411216736,0.9946666359901428,376.0,1.0,97280,0,0,,,0.9193333387374878,0.15332093834877014,0.6546666622161865,0.4699999988079071
imp_g0.25,imp,imp,bipolar,none,raw,"{""gain"": 0.25}",,,shift,0,1024,64,30,30,cosine,uniform,1,32,0,0.9941666722297668,0.9926666617393494,0.2517557144165039,0.9379875169373509,0.007,0.9786666631698608,0.9760000109672546,0.9913333058357239,392.0,1.0,101376,0,0,,,0.9133332967758179,0.14781378209590912,0.65666663646698,0.48266667127609253
imp_g0.5,imp,imp,bipolar,none,raw,"{""gain"": 0.5}",,,shift,0,1024,64,30,30,cosine,uniform,1,32,0,0.9925000071525574,0.9926666617393494,0.25084400177001953,0.9350768870932198,0.006,0.9779999852180481,0.972000002861023,0.9926666617393494,392.0,1.0,101376,0,0,,,0.9120000004768372,0.14613725244998932,0.6513333320617676,0.4860000014305115
imp_g1.0,imp,imp,bipolar,none,raw,"{""gain"": 1.0}",,,shift,0,1024,64,30,30,cosine,uniform,1,32,0,0.9908333420753479,0.9926666617393494,0.24726121127605438,0.9216390684337099,0.006,0.9753333330154419,0.9726666808128357,0.9913333058357239,392.0,1.0,101376,0,0,,,0.90666663646698,0.14096777141094208,0.6313333511352539,0.4506666660308838
cotrain_fixedP,linear,gaussian,bipolar,none,cotrain,,,,shift,0,1024,128,30,30,cosine,uniform,1,32,0,0.9983333349227905,0.9940000176429749,0.5348727107048035,0.9576575010392084,0.676,0.9926666617393494,0.9953333139419556,0.9933333396911621,632.0,1.0,162816,798720,24704,1.0,128.0,0.9440000057220459,0.33504995703697205,0.6726666688919067,0.421999990940094
cotrain_learnP,linear,gaussian,bipolar,none,cotrain,,,,shift,0,1024,128,30,30,cosine,uniform,1,32,0,0.9983333349227905,0.9940000176429749,0.5099729895591736,0.9227175376898098,0.696,0.9940000176429749,0.9940000176429749,0.9940000176429749,632.0,1.0,162816,798720,24704,1.0,128.0,0.9459999799728394,0.31664401292800903,0.6506666541099548,0.41466665267944336
gaussian,linear,gaussian,bipolar,none,raw,,,,shift,1,1024,64,30,30,cosine,uniform,1,32,0,1.0,0.9926666617393494,0.25013864040374756,0.9356412907035259,0.013,0.9853333234786987,0.9713333249092102,0.9919999837875366,376.0,1.0,97280,0,0,1.0,64.0,0.9273332953453064,0.1465594619512558,0.6426666378974915,0.3100000023841858
signrff_tuned,rff,rff,bipolar,none,raw,"{""bw_select"": ""val""}",,,shift,1,1024,64,30,30,cosine,uniform,1,32,0,0.9983333349227905,0.9926666617393494,0.13519887626171112,0.6495470274553127,0.028,0.9886666536331177,0.9733332991600037,0.9879999756813049,380.0,32.0,97280,0,0,,,0.8913333415985107,0.06106029078364372,0.4740000069141388,0.12466666847467422
learned_e10,learned,learned,bipolar,none,raw,"{""epochs"": 10}",,,shift,1,1024,64,30,30,cosine,uniform,1,32,0,1.0,0.9959999918937683,0.3831605613231659,0.7515188476288065,0.053,0.9906666278839111,0.9806666374206543,0.9940000176429749,376.5,1.0,97408,0,0,,,0.937999963760376,0.22135823965072632,0.6060000061988831,0.2706666588783264
learned_e40,learned,learned,bipolar,none,raw,"{""epochs"": 40}",,,shift,1,1024,64,30,30,cosine,uniform,1,32,0,1.0,0.996666669845581,0.41619986295700073,0.7269963435316606,0.177,0.9879999756813049,0.9800000190734863,0.9953333139419556,376.5,1.0,97408,0,0,,,0.9393333196640015,0.24281266331672668,0.6213333010673523,0.28599998354911804
learned_e120,learned,learned,bipolar,none,raw,"{""epochs"": 120}",,,shift,1,1024,64,30,30,cosine,uniform,1,32,0,1.0,0.9979999661445618,0.44690001010894775,0.7073052953487174,0.508,0.9893333315849304,0.9793333411216736,0.9959999918937683,376.5,1.0,97408,0,0,,,0.9353333115577698,0.2598588764667511,0.6186666488647461,0.2840000092983246
learned_init_rad,learned,learned,bipolar,none,raw,"{""epochs"": 60, ""init"": ""rademacher""}",,,shift,1,1024,64,30,30,cosine,uniform,1,32,0,1.0,0.996666669845581,0.4300421476364136,0.7187464903075971,0.265,0.9900000095367432,0.9800000190734863,0.996666669845581,376.5,1.0,97408,0,0,,,0.937333345413208,0.2490064650774002,0.6033333539962769,0.25599998235702515
learned_lr3e-3,learned,learned,bipolar,none,raw,"{""epochs"": 60, ""lr"": 0.003}",,,shift,1,1024,64,30,30,cosine,uniform,1,32,0,1.0,0.996666669845581,0.40905672311782837,0.7384282202936443,0.266,0.9913333058357239,0.9819999933242798,0.9940000176429749,376.5,1.0,97408,0,0,,,0.9426666498184204,0.23669658601284027,0.612666666507721,0.281333327293396
learned_lr3e-2,learned,learned,bipolar,none,raw,"{""epochs"": 60, ""lr"": 0.03}",,,shift,1,1024,64,30,30,cosine,uniform,1,32,0,1.0,0.9973333477973938,0.43087467551231384,0.7177584152383654,0.267,0.9893333315849304,0.9773333072662354,0.9953333139419556,376.5,1.0,97408,0,0,,,0.9399999976158142,0.25352126359939575,0.6359999775886536,0.2746666669845581
datainformed_k1,datainformed,datainformed,bipolar,none,raw,"{""K"": 1}",,,shift,1,1024,64,30,30,cosine,uniform,1,32,0,1.0,0.9926666617393494,0.25013864040374756,0.9356412907035259,0.016,0.9853333234786987,0.9713333249092102,0.9919999837875366,376.0,1.0,97280,0,0,,,0.9273332953453064,0.1465594619512558,0.6426666378974915,0.3100000023841858
datainformed_k4,datainformed,datainformed,bipolar,none,raw,"{""K"": 4}",,,shift,1,1024,64,30,30,cosine,uniform,1,32,0,0.9958333373069763,0.9940000176429749,0.25204211473464966,0.9370566646278355,0.009,0.9826666712760925,0.9733332991600037,0.9926666617393494,376.0,1.0,97280,0,0,,,0.9239999651908875,0.14898742735385895,0.6446666717529297,0.3173333406448364
datainformed_k16,datainformed,datainformed,bipolar,none,raw,"{""K"": 16}",,,shift,1,1024,64,30,30,cosine,uniform,1,32,0,0.9958333373069763,0.9940000176429749,0.25204211473464966,0.9370566646278355,0.019,0.9826666712760925,0.9733332991600037,0.9926666617393494,376.0,1.0,97280,0,0,,,0.9239999651908875,0.14898742735385895,0.6446666717529297,0.3173333406448364
datainformed_k64,datainformed,datainformed,bipolar,none,raw,"{""K"": 64}",,,shift,1,1024,64,30,30,cosine,uniform,1,32,0,0.996666669845581,0.9919999837875366,0.250376433134079,0.9383360868257244,0.057,0.9833333492279053,0.9699999690055847,0.9906666278839111,376.0,1.0,97280,0,0,,,0.9486666321754456,0.15349547564983368,0.7073333263397217,0.42933332920074463
datainformed_k256,datainformed,datainformed,bipolar,none,raw,"{""K"": 256}",,,shift,1,1024,64,30,30,cosine,uniform,1,32,0,0.996666669845581,0.9919999837875366,0.250376433134079,0.9383360868257244,0.213,0.9833333492279053,0.9699999690055847,0.9906666278839111,376.0,1.0,97280,0,0,,,0.9486666321754456,0.15349547564983368,0.7073333263397217,0.42933332920074463
imp_g0.25,imp,imp,bipolar,none,raw,"{""gain"": 0.25}",,,shift,1,1024,64,30,30,cosine,uniform,1,32,0,0.9991666674613953,0.9933333396911621,0.2495531588792801,0.9342751835246874,0.007,0.9860000014305115,0.9699999690055847,0.9906666278839111,392.0,1.0,101376,0,0,,,0.9326666593551636,0.14722293615341187,0.6599999666213989,0.3413333296775818
imp_g0.5,imp,imp,bipolar,none,raw,"{""gain"": 0.5}",,,shift,1,1024,64,30,30,cosine,uniform,1,32,0,0.9975000023841858,0.9926666617393494,0.24844864010810852,0.9311114239319388,0.007,0.9826666712760925,0.9706666469573975,0.9906666278839111,392.0,1.0,101376,0,0,,,0.9340000152587891,0.1474180966615677,0.668666660785675,0.3766666650772095
imp_g1.0,imp,imp,bipolar,none,raw,"{""gain"": 1.0}",,,shift,1,1024,64,30,30,cosine,uniform,1,32,0,0.9950000047683716,0.9906666278839111,0.24474108219146729,0.9174470438853647,0.007,0.9826666712760925,0.9679999947547913,0.9913333058357239,392.0,1.0,101376,0,0,,,0.9340000152587891,0.14517977833747864,0.6913333535194397,0.41999998688697815
cotrain_fixedP,linear,gaussian,bipolar,none,cotrain,,,,shift,1,1024,128,30,30,cosine,uniform,1,32,0,1.0,0.996666669845581,0.5483806729316711,0.9496264641353142,0.601,0.9919999837875366,0.9979999661445618,0.996666669845581,632.0,1.0,162816,798720,24704,1.0,128.0,0.9206666350364685,0.33676424622535706,0.5953333377838135,0.3019999861717224
cotrain_learnP,linear,gaussian,bipolar,none,cotrain,,,,shift,1,1024,128,30,30,cosine,uniform,1,32,0,1.0,0.996666669845581,0.5322762131690979,0.9262051571636937,0.622,0.9959999918937683,0.996666669845581,0.996666669845581,632.0,1.0,162816,798720,24704,1.0,128.0,0.9226666688919067,0.3374650776386261,0.6233333349227905,0.3233333230018616
gaussian,linear,gaussian,bipolar,none,raw,,,,shift,2,1024,64,30,30,cosine,uniform,1,32,0,0.996666669845581,0.9953333139419556,0.24954192340373993,0.9378104023303181,0.01,0.9853333234786987,0.9793333411216736,0.9933333396911621,376.0,1.0,97280,0,0,1.0,64.0,0.9359999895095825,0.14769744873046875,0.6866666674613953,0.4126666486263275
signrff_tuned,rff,rff,bipolar,none,raw,"{""bw_select"": ""val""}",,,shift,2,1024,64,30,30,cosine,uniform,1,32,0,0.9950000047683716,0.996666669845581,0.09204123914241791,0.64341082849769,0.041,0.9826666712760925,0.9806666374206543,0.9800000190734863,380.0,32.0,97280,0,0,,,0.9353333115577698,0.0597657784819603,0.6779999732971191,0.3766666650772095
learned_e10,learned,learned,bipolar,none,raw,"{""epochs"": 10}",,,shift,2,1024,64,30,30,cosine,uniform,1,32,0,0.9983333349227905,0.996666669845581,0.37620019912719727,0.7498765033847872,0.056,0.984666645526886,0.9879999756813049,0.9973333477973938,376.5,1.0,97408,0,0,,,0.9353333115577698,0.22528885304927826,0.6420000195503235,0.3919999897480011
learned_e40,learned,learned,bipolar,none,raw,"{""epochs"": 40}",,,shift,2,1024,64,30,30,cosine,uniform,1,32,0,1.0,0.9959999918937683,0.40773460268974304,0.7262283913977073,0.203,0.9853333234786987,0.9873332977294922,0.996666669845581,376.5,1.0,97408,0,0,,,0.9366666674613953,0.24370616674423218,0.6446666717529297,0.3933333158493042
learned_e120,learned,learned,bipolar,none,raw,"{""epochs"": 120}",,,shift,2,1024,64,30,30,cosine,uniform,1,32,0,0.9991666674613953,0.9959999918937683,0.43572551012039185,0.707432714284917,0.595,0.9866666793823242,0.9853333234786987,0.996666669845581,376.5,1.0,97408,0,0,,,0.9353333115577698,0.26024436950683594,0.65666663646698,0.4153333306312561
learned_init_rad,learned,learned,bipolar,none,raw,"{""epochs"": 60, ""init"": ""rademacher""}",,,shift,2,1024,64,30,30,cosine,uniform,1,32,0,0.9983333349227905,0.9959999918937683,0.419168621301651,0.7173234473865354,0.301,0.9839999675750732,0.9860000014305115,0.996666669845581,376.5,1.0,97408,0,0,,,0.9293333292007446,0.24684248864650726,0.637333333492279,0.3813333213329315
learned_lr3e-3,learned,learned,bipolar,none,raw,"{""epochs"": 60, ""lr"": 0.003}",,,shift,2,1024,64,30,30,cosine,uniform,1,32,0,0.9975000023841858,0.996666669845581,0.40207481384277344,0.7369450282377715,0.301,0.9873332977294922,0.9893333315849304,0.9973333477973938,376.5,1.0,97408,0,0,,,0.937999963760376,0.24073559045791626,0.6486666798591614,0.39933332800865173
learned_lr3e-2,learned,learned,bipolar,none,raw,"{""epochs"": 60, ""lr"": 0.03}",,,shift,2,1024,64,30,30,cosine,uniform,1,32,0,0.9975000023841858,0.996666669845581,0.4185284376144409,0.7195902760231798,0.302,0.9866666793823242,0.9833333492279053,0.996666669845581,376.5,1.0,97408,0,0,,,0.9319999814033508,0.2504478991031647,0.637333333492279,0.38199999928474426
datainformed_k1,datainformed,datainformed,bipolar,none,raw,"{""K"": 1}",,,shift,2,1024,64,30,30,cosine,uniform,1,32,0,0.996666669845581,0.9953333139419556,0.24954192340373993,0.9378104023303181,0.006,0.9853333234786987,0.9793333411216736,0.9933333396911621,376.0,1.0,97280,0,0,,,0.9359999895095825,0.14769744873046875,0.6866666674613953,0.4126666486263275
datainformed_k4,datainformed,datainformed,bipolar,none,raw,"{""K"": 4}",,,shift,2,1024,64,30,30,cosine,uniform,1,32,0,0.9958333373069763,0.9953333139419556,0.24993857741355896,0.9405392450274368,0.009,0.9819999933242798,0.981333315372467,0.9953333139419556,376.0,1.0,97280,0,0,,,0.9419999718666077,0.15301275253295898,0.7020000219345093,0.43933331966400146
datainformed_k16,datainformed,datainformed,bipolar,none,raw,"{""K"": 16}",,,shift,2,1024,64,30,30,cosine,uniform,1,32,0,0.996666669845581,0.9940000176429749,0.24987410008907318,0.9364643794579691,0.019,0.984666645526886,0.9806666374206543,0.9933333396911621,376.0,1.0,97280,0,0,,,0.9419999718666077,0.1504993438720703,0.6739999651908875,0.4519999921321869
datainformed_k64,datainformed,datainformed,bipolar,none,raw,"{""K"": 64}",,,shift,2,1024,64,30,30,cosine,uniform,1,32,0,0.9983333349227905,0.9953333139419556,0.25337234139442444,0.9378349094904208,0.058,0.981333315372467,0.981333315372467,0.9933333396911621,376.0,1.0,97280,0,0,,,0.9300000071525574,0.15609537065029144,0.7086666822433472,0.4699999988079071
datainformed_k256,datainformed,datainformed,bipolar,none,raw,"{""K"": 256}",,,shift,2,1024,64,30,30,cosine,uniform,1,32,0,0.9950000047683716,0.9940000176429749,0.2500399649143219,0.9376566689613902,0.213,0.9786666631698608,0.9806666374206543,0.9940000176429749,376.0,1.0,97280,0,0,,,0.9326666593551636,0.14912578463554382,0.659333348274231,0.382666677236557
imp_g0.25,imp,imp,bipolar,none,raw,"{""gain"": 0.25}",,,shift,2,1024,64,30,30,cosine,uniform,1,32,0,0.9958333373069763,0.9953333139419556,0.24869519472122192,0.9366633677536144,0.006,0.984666645526886,0.9793333411216736,0.9940000176429749,392.0,1.0,101376,0,0,,,0.9340000152587891,0.14687977731227875,0.6773333549499512,0.3813333213329315
imp_g0.5,imp,imp,bipolar,none,raw,"{""gain"": 0.5}",,,shift,2,1024,64,30,30,cosine,uniform,1,32,0,0.9958333373069763,0.9953333139419556,0.24789603054523468,0.9329174741623669,0.006,0.9833333492279053,0.9786666631698608,0.9953333139419556,392.0,1.0,101376,0,0,,,0.9326666593551636,0.1459474414587021,0.6713333129882812,0.3426666557788849
imp_g1.0,imp,imp,bipolar,none,raw,"{""gain"": 1.0}",,,shift,2,1024,64,30,30,cosine,uniform,1,32,0,0.9933333396911621,0.9940000176429749,0.2444537878036499,0.9201576404110929,0.006,0.9826666712760925,0.9779999852180481,0.9933333396911621,392.0,1.0,101376,0,0,,,0.9259999990463257,0.14170286059379578,0.640666663646698,0.2906666696071625
cotrain_fixedP,linear,gaussian,bipolar,none,cotrain,,,,shift,2,1024,128,30,30,cosine,uniform,1,32,0,0.9958333373069763,0.9959999918937683,0.5331367254257202,0.9583183136478441,0.682,0.9940000176429749,0.996666669845581,0.9953333139419556,632.0,1.0,162816,798720,24704,1.0,128.0,0.9366666674613953,0.34712523221969604,0.6473333239555359,0.3553333282470703
cotrain_learnP,linear,gaussian,bipolar,none,cotrain,,,,shift,2,1024,128,30,30,cosine,uniform,1,32,0,0.996666669845581,0.9953333139419556,0.5163149237632751,0.9242012416607941,0.621,0.9953333139419556,0.9953333139419556,0.996666669845581,632.0,1.0,162816,798720,24704,1.0,128.0,0.9340000152587891,0.33257922530174255,0.6193333268165588,0.3266666531562805
